Age,TypeofContact,CityTier,DurationOfPitch,Occupation,Gender,NumberOfPersonVisiting,NumberOfFollowups,ProductPitched,PreferredPropertyStar,MaritalStatus,NumberOfTrips,Passport,PitchSatisfactionScore,OwnCar,NumberOfChildrenVisiting,Designation,MonthlyIncome,ProdTaken,Pred_Prob,Pred_Label
55.0,company invited,1,14.0,small business,male,2,4.0,super deluxe,4.0,married,2.0,1,3,1,1.0,avp,28577.0,0,0.08842393,0
23.0,self enquiry,1,10.0,salaried,female,3,4.0,deluxe,3.0,divorced,2.0,1,5,1,2.0,manager,22849.0,1,0.08842393,0
36.0,self enquiry,1,12.0,large business,male,4,4.0,standard,4.0,single,2.0,0,3,0,1.0,senior manager,26773.0,0,0.08842393,0
35.0,self enquiry,1,6.0,small business,male,3,4.0,basic,5.0,single,2.0,0,1,0,2.0,executive,17450.0,0,0.16066583,0
35.0,self enquiry,1,9.0,salaried,male,3,5.0,deluxe,5.0,married,8.0,0,4,0,2.0,manager,24635.0,0,0.08842393,0
30.0,self enquiry,3,17.0,small business,male,3,5.0,deluxe,3.0,single,2.0,0,4,1,1.0,manager,24547.0,0,0.08842393,0
30.0,self enquiry,3,30.0,salaried,female,3,5.0,standard,5.0,divorced,3.0,0,3,0,1.0,senior manager,26014.0,1,0.08842393,0
45.0,self enquiry,1,6.0,large business,male,3,3.0,standard,4.0,married,2.0,0,3,1,1.0,senior manager,22441.0,0,0.08842393,0
39.0,company invited,1,14.0,salaried,male,3,2.0,basic,3.0,married,3.0,0,3,0,1.0,executive,21288.0,0,0.08842393,0
44.0,self enquiry,1,8.0,salaried,female,3,1.0,standard,3.0,married,2.0,1,4,1,0.0,senior manager,22879.0,0,0.08842393,0
28.0,company invited,3,6.0,small business,male,3,4.0,deluxe,3.0,divorced,2.0,0,3,0,2.0,manager,23020.0,0,0.08842393,0
19.0,company invited,1,7.0,salaried,female,4,4.0,basic,3.0,single,3.0,0,5,1,2.0,executive,20289.0,0,0.29692617,0
36.0,self enquiry,2,14.0,salaried,male,3,4.0,basic,5.0,married,1.0,0,1,0,1.0,executive,17342.0,0,0.13918844,0
38.0,self enquiry,3,17.0,salaried,female,3,5.0,deluxe,3.0,married,4.0,1,4,0,1.0,manager,25372.0,0,0.099389665,0
36.0,company invited,1,25.0,salaried,male,3,4.0,standard,3.0,single,4.0,0,3,0,1.0,senior manager,28040.0,0,0.08842393,0
38.0,self enquiry,1,8.0,salaried,female,3,5.0,deluxe,3.0,married,3.0,0,1,0,1.0,manager,25152.0,0,0.08842393,0
42.0,self enquiry,1,14.0,small business,female,3,4.0,deluxe,3.0,single,8.0,0,3,1,2.0,manager,23681.0,0,0.08842393,0
30.0,self enquiry,3,10.0,small business,female,4,4.0,deluxe,3.0,married,3.0,0,1,0,1.0,manager,24239.0,0,0.08842393,0
24.0,self enquiry,1,17.0,large business,male,3,2.0,basic,3.0,married,4.0,0,1,1,1.0,executive,20751.0,0,0.08842393,0
25.0,self enquiry,1,24.0,salaried,male,4,5.0,basic,4.0,married,3.0,0,3,1,2.0,executive,20805.0,0,0.18011636,0
48.0,company invited,3,10.0,small business,female,3,4.0,super deluxe,3.0,married,2.0,1,5,1,1.0,avp,32448.0,0,0.08842393,0
34.0,company invited,1,6.0,salaried,male,3,3.0,basic,5.0,married,6.0,0,1,1,2.0,executive,17996.0,0,0.08842393,0
27.0,company invited,1,30.0,salaried,male,3,4.0,basic,3.0,single,2.0,1,3,1,1.0,executive,17534.0,1,0.8925945,1
41.0,self enquiry,3,17.0,large business,female,3,5.0,deluxe,4.0,married,2.0,0,5,1,1.0,manager,25530.0,0,0.08842393,0
29.0,company invited,1,6.0,salaried,male,3,5.0,basic,3.0,married,2.0,0,2,1,0.0,executive,17720.0,0,0.09197939,0
43.0,self enquiry,3,21.0,small business,female,4,5.0,deluxe,3.0,single,2.0,0,3,0,1.0,manager,24922.0,0,0.08842393,0
60.0,self enquiry,1,10.0,salaried,male,4,5.0,basic,3.0,married,5.0,0,3,0,1.0,executive,20855.0,0,0.08842393,0
43.0,self enquiry,1,9.0,salaried,female,3,4.0,deluxe,3.0,divorced,3.0,0,2,1,1.0,manager,22767.0,0,0.08842393,0
40.0,self enquiry,1,10.0,small business,female,2,3.0,king,3.0,married,2.0,0,5,1,1.0,vp,34033.0,0,0.08842393,0
39.0,self enquiry,2,9.0,salaried,female,2,2.0,deluxe,4.0,divorced,1.0,0,2,1,0.0,manager,21389.0,0,0.08842393,0
39.0,company invited,1,9.0,salaried,male,3,4.0,basic,3.0,divorced,3.0,1,5,1,2.0,executive,20380.0,0,0.3387593,0
47.0,self enquiry,3,8.0,salaried,female,2,1.0,super deluxe,4.0,married,7.0,0,1,0,0.0,avp,30972.0,0,0.08842393,0
25.0,self enquiry,3,10.0,salaried,female,4,4.0,deluxe,3.0,single,2.0,0,2,1,1.0,manager,23255.0,1,0.08842393,0
31.0,self enquiry,3,13.0,small business,male,3,3.0,deluxe,3.0,married,5.0,0,2,0,0.0,manager,22547.0,0,0.08842393,0
53.0,self enquiry,3,8.0,salaried,female,3,4.0,super deluxe,3.0,married,3.0,0,3,0,0.0,avp,30427.0,0,0.08842393,0
42.0,self enquiry,1,19.0,large business,female,3,4.0,king,3.0,married,3.0,0,4,1,2.0,vp,38223.0,1,0.08842393,0
59.0,company invited,1,7.0,salaried,male,3,6.0,deluxe,3.0,married,4.0,1,1,1,2.0,manager,24338.0,0,0.08842393,0
48.0,self enquiry,1,9.0,small business,female,4,4.0,deluxe,3.0,married,7.0,0,2,0,2.0,manager,23748.0,0,0.08842393,0
51.0,self enquiry,1,12.0,salaried,male,2,3.0,king,3.0,single,1.0,0,5,1,1.0,vp,34537.0,0,0.08842393,0
47.0,self enquiry,1,8.0,salaried,female,2,3.0,super deluxe,3.0,divorced,2.0,1,4,1,0.0,avp,31752.0,0,0.08842393,0
52.0,self enquiry,3,31.0,small business,female,3,5.0,deluxe,4.0,single,2.0,1,5,1,2.0,manager,21516.0,1,0.61536163,1
43.0,company invited,1,9.0,small business,male,3,4.0,basic,3.0,single,7.0,1,2,0,2.0,executive,21193.0,0,0.44842228,0
36.0,self enquiry,2,19.0,salaried,male,2,3.0,basic,4.0,married,5.0,0,3,1,1.0,executive,17143.0,0,0.15547998,0
32.0,self enquiry,1,18.0,small business,male,4,4.0,deluxe,5.0,married,3.0,1,1,1,2.0,manager,25511.0,0,0.08842393,0
45.0,self enquiry,1,8.0,salaried,female,3,4.0,basic,3.0,single,2.0,0,3,1,1.0,executive,17274.0,0,0.08842393,0
37.0,self enquiry,1,14.0,salaried,male,4,4.0,basic,3.0,single,4.0,0,3,1,3.0,executive,23356.0,0,0.08842393,0
36.0,self enquiry,1,15.0,salaried,male,3,2.0,basic,3.0,married,3.0,0,5,1,2.0,executive,20947.0,0,0.08842393,0
28.0,self enquiry,1,33.0,small business,female,2,5.0,deluxe,5.0,married,1.0,0,4,1,0.0,manager,20208.0,0,0.08842393,0
31.0,self enquiry,2,16.0,salaried,male,3,4.0,deluxe,3.0,married,2.0,1,3,1,2.0,manager,25025.0,0,0.08842393,0
42.0,self enquiry,1,30.0,small business,male,2,3.0,standard,5.0,divorced,2.0,1,2,1,1.0,senior manager,22406.0,0,0.100215636,0
37.0,company invited,1,16.0,small business,male,3,3.0,standard,3.0,married,7.0,0,3,0,2.0,senior manager,25048.0,1,0.08842393,0
50.0,self enquiry,1,30.0,salaried,male,3,3.0,super deluxe,3.0,married,4.0,1,4,1,2.0,avp,28973.0,0,0.08842393,0
33.0,self enquiry,3,15.0,large business,female,4,5.0,deluxe,4.0,married,3.0,1,1,1,3.0,manager,23906.0,0,0.08842393,0
24.0,self enquiry,1,6.0,small business,male,3,3.0,basic,3.0,divorced,3.0,1,3,1,2.0,executive,17293.0,1,0.49131346,0
26.0,self enquiry,3,11.0,salaried,female,3,5.0,deluxe,3.0,single,3.0,1,2,0,2.0,manager,23165.0,0,0.44248393,0
29.0,self enquiry,1,6.0,large business,male,2,3.0,basic,3.0,single,1.0,0,2,0,0.0,executive,17058.0,1,0.29951915,0
37.0,self enquiry,1,22.0,salaried,male,3,4.0,deluxe,3.0,married,2.0,0,4,0,2.0,manager,23512.0,1,0.08842393,0
56.0,self enquiry,3,7.0,salaried,male,4,4.0,standard,3.0,divorced,5.0,0,2,0,2.0,senior manager,28917.0,0,0.08842393,0
25.0,self enquiry,1,28.0,large business,male,3,5.0,basic,5.0,married,2.0,0,3,0,1.0,executive,20974.0,0,0.37028772,0
33.0,company invited,1,36.0,small business,female,4,4.0,basic,3.0,single,2.0,0,3,1,3.0,executive,22703.0,0,0.08842393,0
30.0,self enquiry,1,7.0,salaried,female,4,4.0,basic,3.0,married,3.0,0,2,0,3.0,executive,22438.0,0,0.08842393,0
22.0,self enquiry,3,12.0,small business,male,3,4.0,basic,5.0,single,3.0,1,1,1,1.0,executive,21058.0,0,0.9279981,1
51.0,self enquiry,1,10.0,salaried,male,2,3.0,basic,3.0,married,1.0,1,1,0,0.0,executive,17461.0,1,0.32786423,0
21.0,company invited,3,6.0,large business,female,2,4.0,basic,4.0,single,2.0,1,5,1,1.0,executive,17174.0,1,0.95663774,1
41.0,company invited,1,9.0,small business,female,3,2.0,deluxe,4.0,divorced,3.0,0,3,0,2.0,manager,22922.0,0,0.08842393,0
26.0,self enquiry,3,17.0,salaried,male,3,4.0,deluxe,3.0,single,2.0,0,2,0,2.0,manager,23628.0,0,0.08842393,0
30.0,self enquiry,3,33.0,small business,male,3,3.0,deluxe,3.0,married,1.0,0,3,1,2.0,manager,20304.0,0,0.08842393,0
36.0,company invited,1,24.0,small business,female,3,3.0,basic,3.0,single,2.0,0,3,1,2.0,executive,17153.0,0,0.08842393,0
23.0,self enquiry,1,16.0,large business,male,2,1.0,basic,3.0,married,3.0,0,1,1,0.0,executive,17073.0,0,0.09105933,0
35.0,self enquiry,1,16.0,salaried,male,3,4.0,standard,3.0,married,2.0,0,5,1,2.0,senior manager,27178.0,0,0.08842393,0
35.0,self enquiry,1,9.0,salaried,male,4,5.0,basic,3.0,married,5.0,0,5,1,1.0,executive,21446.0,0,0.08842393,0
34.0,self enquiry,1,15.0,small business,female,2,4.0,standard,4.0,single,2.0,0,2,1,1.0,senior manager,23621.0,0,0.08842393,0
40.0,self enquiry,3,16.0,small business,male,3,4.0,standard,4.0,married,3.0,0,4,1,1.0,senior manager,24705.0,0,0.08842393,0
38.0,self enquiry,1,26.0,salaried,male,4,4.0,basic,4.0,married,6.0,0,4,0,2.0,executive,21700.0,0,0.08842393,0
35.0,self enquiry,2,10.0,salaried,male,3,4.0,basic,3.0,married,2.0,0,1,1,1.0,executive,22415.0,0,0.08842393,0
55.0,self enquiry,1,14.0,small business,female,4,4.0,deluxe,3.0,married,6.0,0,3,1,2.0,manager,25532.0,0,0.08842393,0
32.0,self enquiry,1,8.0,large business,male,3,3.0,basic,5.0,single,2.0,0,1,1,1.0,executive,17439.0,0,0.3602886,0
34.0,self enquiry,1,20.0,salaried,female,3,4.0,basic,3.0,single,5.0,0,3,1,1.0,executive,22130.0,0,0.11236233,0
27.0,self enquiry,3,15.0,large business,male,3,5.0,deluxe,5.0,single,8.0,0,3,1,2.0,manager,24004.0,1,0.85500604,1
36.0,self enquiry,1,22.0,salaried,female,2,1.0,basic,5.0,single,2.0,0,2,1,0.0,executive,17743.0,1,0.34533462,0
32.0,self enquiry,1,12.0,salaried,male,2,3.0,basic,3.0,single,4.0,0,2,0,1.0,executive,18038.0,0,0.08842393,0
30.0,self enquiry,3,30.0,salaried,female,3,5.0,standard,5.0,married,3.0,0,3,1,2.0,senior manager,26014.0,1,0.08842393,0
36.0,self enquiry,1,7.0,small business,male,3,5.0,basic,3.0,married,8.0,0,1,1,2.0,executive,20936.0,0,0.08842393,0
33.0,self enquiry,1,21.0,small business,male,2,3.0,standard,3.0,married,1.0,1,5,1,0.0,senior manager,28610.0,1,0.08842393,0
38.0,self enquiry,1,10.0,small business,female,2,3.0,basic,3.0,married,1.0,0,5,0,0.0,executive,18306.0,0,0.08842393,0
30.0,company invited,3,27.0,large business,female,3,4.0,basic,3.0,married,3.0,0,3,0,2.0,executive,20835.0,0,0.35314947,0
33.0,self enquiry,1,10.0,small business,female,4,4.0,deluxe,5.0,divorced,3.0,0,2,1,2.0,manager,25403.0,0,0.08842393,0
37.0,company invited,3,18.0,large business,female,4,4.0,standard,3.0,divorced,2.0,0,5,0,1.0,senior manager,28416.0,0,0.08842393,0
27.0,company invited,3,6.0,small business,male,3,3.0,deluxe,4.0,divorced,1.0,1,2,0,2.0,manager,21349.0,0,0.08842393,0
40.0,self enquiry,1,8.0,salaried,male,2,4.0,basic,3.0,single,3.0,0,5,0,1.0,executive,17809.0,0,0.08842393,0
36.0,self enquiry,3,15.0,salaried,female,4,4.0,basic,3.0,divorced,3.0,0,3,0,1.0,executive,21250.0,0,0.08842393,0
35.0,self enquiry,1,15.0,salaried,female,3,4.0,standard,3.0,married,2.0,1,4,1,2.0,senior manager,25685.0,0,0.08842393,0
45.0,company invited,1,13.0,salaried,male,3,1.0,deluxe,3.0,married,5.0,0,1,1,0.0,manager,21434.0,0,0.08842393,0
53.0,self enquiry,3,14.0,small business,male,3,3.0,super deluxe,3.0,divorced,6.0,0,3,0,2.0,avp,26836.0,0,0.08842393,0
40.0,self enquiry,1,13.0,salaried,male,3,3.0,basic,5.0,single,4.0,1,3,0,1.0,executive,17166.0,1,0.588909,0
36.0,company invited,3,14.0,salaried,male,3,4.0,standard,5.0,single,2.0,0,1,0,0.0,senior manager,22587.0,0,0.095962115,0
45.0,self enquiry,1,15.0,salaried,male,4,2.0,basic,3.0,married,4.0,1,3,1,1.0,executive,21496.0,0,0.15831597,0
43.0,self enquiry,1,31.0,small business,male,3,4.0,standard,5.0,divorced,3.0,1,2,1,2.0,senior manager,26084.0,0,0.09210974,0
36.0,self enquiry,1,7.0,small business,male,4,5.0,basic,5.0,single,3.0,0,1,0,3.0,executive,21128.0,0,0.13547558,0
34.0,self enquiry,3,13.0,large business,male,2,3.0,basic,3.0,married,1.0,1,1,0,1.0,executive,17308.0,0,0.37760076,0
51.0,self enquiry,1,13.0,small business,male,2,4.0,deluxe,3.0,married,3.0,0,3,1,1.0,manager,21132.0,0,0.08842393,0
43.0,self enquiry,1,36.0,small business,male,3,6.0,deluxe,3.0,single,6.0,0,3,1,1.0,manager,22950.0,0,0.08842393,0
32.0,company invited,1,7.0,salaried,female,4,4.0,deluxe,5.0,married,3.0,0,5,1,1.0,manager,22826.0,0,0.08842393,0
30.0,self enquiry,3,16.0,small business,male,3,4.0,deluxe,3.0,married,2.0,0,1,0,1.0,manager,21578.0,0,0.08842393,0
33.0,self enquiry,1,13.0,salaried,male,3,4.0,basic,3.0,single,5.0,0,1,0,2.0,executive,21716.0,0,0.08842393,0
50.0,company invited,1,6.0,salaried,female,3,3.0,king,4.0,married,4.0,1,1,0,2.0,vp,33172.0,0,0.08842393,0
51.0,self enquiry,1,17.0,large business,male,4,5.0,standard,3.0,single,8.0,0,5,1,2.0,senior manager,29174.0,0,0.08842393,0
44.0,company invited,1,14.0,small business,male,3,3.0,basic,3.0,married,6.0,0,4,0,2.0,executive,20767.0,0,0.08842393,0
32.0,company invited,1,6.0,salaried,female,3,4.0,basic,4.0,divorced,7.0,0,3,1,0.0,executive,17332.0,0,0.2116638,0
35.0,self enquiry,1,11.0,large business,male,3,3.0,standard,4.0,single,1.0,0,3,0,0.0,senior manager,23095.0,0,0.08842393,0
59.0,self enquiry,1,24.0,small business,male,3,3.0,standard,3.0,single,7.0,0,3,1,1.0,senior manager,25512.0,0,0.08842393,0
27.0,self enquiry,3,14.0,small business,female,2,3.0,deluxe,4.0,married,2.0,0,1,0,1.0,manager,21214.0,0,0.08842393,0
29.0,company invited,1,13.0,salaried,male,3,5.0,basic,3.0,married,3.0,1,4,1,2.0,executive,21381.0,0,0.6237842,1
36.0,self enquiry,1,14.0,salaried,male,3,4.0,standard,3.0,single,5.0,0,3,0,2.0,senior manager,28899.0,0,0.08842393,0
38.0,self enquiry,3,8.0,small business,male,2,3.0,standard,4.0,single,1.0,0,4,1,1.0,senior manager,22351.0,0,0.08842393,0
28.0,self enquiry,1,23.0,large business,female,3,4.0,basic,4.0,married,2.0,0,1,1,1.0,executive,21489.0,0,0.13355087,0
38.0,self enquiry,1,10.0,salaried,female,3,4.0,deluxe,4.0,single,5.0,0,4,1,1.0,manager,22785.0,0,0.08842393,0
34.0,company invited,1,22.0,salaried,female,3,4.0,basic,3.0,single,2.0,0,5,1,1.0,executive,17553.0,0,0.14648193,0
27.0,company invited,1,10.0,large business,male,4,4.0,basic,5.0,single,2.0,0,3,0,3.0,executive,21780.0,1,0.55665517,0
52.0,company invited,1,34.0,small business,female,2,1.0,super deluxe,3.0,divorced,3.0,1,4,0,0.0,avp,28247.0,0,0.08842393,0
45.0,company invited,1,13.0,salaried,male,3,2.0,deluxe,3.0,divorced,5.0,0,2,0,2.0,manager,21434.0,0,0.08842393,0
56.0,self enquiry,1,29.0,salaried,male,3,3.0,super deluxe,4.0,divorced,5.0,1,4,1,2.0,avp,28402.0,0,0.08842393,0
38.0,self enquiry,3,6.0,salaried,female,2,4.0,deluxe,3.0,single,5.0,0,1,0,1.0,manager,23686.0,0,0.08842393,0
39.0,self enquiry,1,7.0,large business,female,4,4.0,standard,5.0,married,3.0,0,4,1,2.0,senior manager,32260.0,0,0.08842393,0
41.0,self enquiry,3,8.0,salaried,female,3,3.0,super deluxe,5.0,divorced,1.0,0,5,1,1.0,avp,31595.0,0,0.08842393,0
39.0,company invited,1,8.0,salaried,male,2,3.0,super deluxe,3.0,married,1.0,0,3,1,0.0,avp,27169.0,1,0.08842393,0
35.0,company invited,3,9.0,small business,female,4,4.0,basic,3.0,divorced,8.0,0,5,1,3.0,executive,20909.0,0,0.19561845,0
39.0,self enquiry,1,6.0,salaried,female,3,4.0,super deluxe,3.0,divorced,2.0,0,3,0,1.0,avp,27742.0,0,0.08842393,0
32.0,company invited,1,6.0,salaried,male,3,3.0,basic,3.0,married,1.0,0,5,0,0.0,executive,17314.0,0,0.08842393,0
22.0,self enquiry,1,13.0,salaried,male,3,3.0,basic,4.0,single,2.0,1,3,1,0.0,executive,17472.0,1,0.69589645,1
45.0,company invited,1,6.0,salaried,male,3,4.0,standard,3.0,married,4.0,0,1,1,2.0,senior manager,25748.0,0,0.08842393,0
44.0,company invited,1,17.0,salaried,female,3,5.0,deluxe,3.0,married,3.0,0,3,1,1.0,manager,23935.0,0,0.08842393,0
29.0,self enquiry,1,27.0,salaried,female,2,1.0,standard,5.0,married,2.0,0,5,1,1.0,senior manager,24980.0,0,0.08842393,0
33.0,self enquiry,1,9.0,small business,female,4,2.0,deluxe,3.0,single,2.0,0,3,0,1.0,manager,23733.0,0,0.08842393,0
33.0,self enquiry,1,14.0,salaried,male,4,4.0,deluxe,3.0,divorced,3.0,0,3,1,2.0,manager,23561.0,1,0.08842393,0
53.0,company invited,3,14.0,small business,female,4,4.0,basic,3.0,married,4.0,1,4,1,3.0,executive,27124.0,1,0.7588892,1
42.0,company invited,1,12.0,salaried,male,4,5.0,basic,5.0,married,8.0,0,3,0,2.0,executive,20785.0,1,0.22596733,0
46.0,company invited,3,33.0,small business,male,3,5.0,deluxe,5.0,married,3.0,0,3,0,1.0,manager,23063.0,0,0.122909166,0
42.0,self enquiry,1,14.0,large business,female,3,2.0,basic,3.0,divorced,3.0,0,3,1,2.0,executive,22054.0,0,0.08842393,0
38.0,self enquiry,1,9.0,free lancer,male,4,5.0,basic,3.0,single,8.0,1,3,0,1.0,executive,20768.0,1,0.8266981,1
45.0,self enquiry,1,35.0,large business,male,2,3.0,standard,3.0,divorced,5.0,1,5,1,0.0,senior manager,24380.0,0,0.11838052,0
54.0,self enquiry,3,7.0,small business,female,3,4.0,deluxe,5.0,single,2.0,0,2,1,2.0,manager,27059.0,0,0.12592988,0
36.0,self enquiry,1,13.0,salaried,male,3,6.0,deluxe,3.0,single,3.0,0,5,1,1.0,manager,25324.0,0,0.08842393,0
30.0,self enquiry,1,7.0,salaried,male,3,4.0,deluxe,5.0,married,2.0,0,3,1,1.0,manager,24051.0,0,0.08842393,0
31.0,company invited,3,33.0,small business,female,3,5.0,deluxe,5.0,single,7.0,0,2,0,2.0,manager,25374.0,1,0.8387636,1
34.0,self enquiry,1,32.0,salaried,male,3,5.0,deluxe,4.0,single,3.0,0,1,0,2.0,manager,22998.0,0,0.08842393,0
34.0,self enquiry,1,6.0,salaried,female,2,4.0,basic,4.0,divorced,6.0,0,1,1,1.0,executive,18294.0,0,0.08842393,0
45.0,self enquiry,3,7.0,salaried,male,3,4.0,deluxe,5.0,married,2.0,0,4,1,2.0,manager,33061.0,1,0.08842393,0
29.0,self enquiry,1,6.0,salaried,female,2,4.0,basic,5.0,married,2.0,1,1,0,0.0,executive,17319.0,1,0.27450162,0
39.0,self enquiry,1,36.0,large business,male,3,4.0,deluxe,3.0,divorced,5.0,0,2,0,2.0,manager,24939.0,0,0.08842393,0
27.0,self enquiry,1,11.0,large business,male,2,4.0,standard,3.0,married,2.0,1,3,1,1.0,senior manager,27808.0,0,0.08842393,0
34.0,company invited,3,9.0,small business,female,4,4.0,deluxe,4.0,single,2.0,0,1,0,1.0,manager,23825.0,0,0.08842393,0
51.0,self enquiry,1,10.0,salaried,male,2,3.0,basic,3.0,divorced,1.0,1,2,1,1.0,executive,17461.0,1,0.28756765,0
51.0,self enquiry,1,8.0,small business,male,2,5.0,deluxe,4.0,married,6.0,0,2,0,0.0,manager,20482.0,0,0.08842393,0
31.0,self enquiry,1,29.0,small business,male,3,4.0,deluxe,3.0,married,1.0,0,3,0,1.0,manager,20582.0,0,0.08842393,0
47.0,self enquiry,1,11.0,salaried,male,2,3.0,king,3.0,divorced,5.0,0,2,0,1.0,vp,33300.0,0,0.08842393,0
28.0,self enquiry,1,6.0,salaried,female,3,5.0,basic,4.0,single,1.0,1,1,1,2.0,executive,17216.0,1,0.61996883,1
32.0,self enquiry,3,14.0,salaried,male,3,5.0,basic,3.0,divorced,5.0,0,4,1,2.0,executive,21007.0,0,0.10806645,0
32.0,self enquiry,1,19.0,small business,female,3,4.0,deluxe,3.0,divorced,2.0,1,4,0,2.0,manager,24533.0,0,0.08842393,0
34.0,self enquiry,1,11.0,small business,female,2,4.0,standard,5.0,single,3.0,0,2,0,0.0,senior manager,26631.0,0,0.08842393,0
36.0,self enquiry,1,16.0,large business,female,3,3.0,standard,3.0,divorced,4.0,0,3,0,2.0,senior manager,22094.0,0,0.08842393,0
34.0,self enquiry,1,16.0,small business,male,3,4.0,basic,3.0,divorced,2.0,0,2,1,1.0,executive,21459.0,0,0.08842393,0
36.0,company invited,1,12.0,salaried,male,3,1.0,deluxe,5.0,married,4.0,1,4,1,1.0,manager,20562.0,0,0.08842393,0
55.0,self enquiry,1,20.0,small business,male,3,1.0,king,4.0,single,1.0,0,1,1,1.0,vp,33722.0,0,0.08842393,0
34.0,self enquiry,3,7.0,small business,male,3,2.0,deluxe,5.0,married,3.0,0,4,0,1.0,manager,22715.0,0,0.08842393,0
45.0,self enquiry,1,9.0,salaried,female,4,2.0,basic,3.0,divorced,3.0,0,4,1,1.0,executive,20689.0,0,0.08842393,0
20.0,self enquiry,3,12.0,salaried,male,4,4.0,standard,4.0,single,2.0,1,4,1,1.0,senior manager,21672.0,1,0.7676578,1
26.0,company invited,1,8.0,salaried,male,2,3.0,basic,5.0,divorced,7.0,1,5,1,0.0,executive,17042.0,1,0.86711687,1
21.0,company invited,3,24.0,small business,female,3,3.0,deluxe,3.0,married,1.0,1,5,0,1.0,manager,17625.0,1,0.60546553,1
27.0,self enquiry,1,13.0,salaried,female,4,4.0,basic,3.0,married,3.0,1,1,0,2.0,executive,21337.0,0,0.08842393,0
34.0,self enquiry,1,11.0,small business,female,2,4.0,standard,5.0,single,3.0,0,1,1,1.0,senior manager,26631.0,0,0.08842393,0
41.0,self enquiry,1,31.0,large business,male,4,4.0,deluxe,3.0,married,3.0,0,3,1,2.0,manager,21997.0,0,0.08842393,0
40.0,company invited,1,15.0,small business,female,2,3.0,standard,3.0,single,1.0,0,4,1,1.0,senior manager,28499.0,0,0.08842393,0
29.0,self enquiry,1,9.0,small business,male,3,6.0,basic,3.0,married,7.0,1,3,1,2.0,executive,22142.0,1,0.88800794,1
52.0,self enquiry,2,12.0,salaried,male,3,4.0,super deluxe,4.0,married,3.0,1,3,1,2.0,avp,32704.0,0,0.08842393,0
39.0,company invited,1,19.0,salaried,male,2,5.0,deluxe,5.0,married,4.0,0,5,1,1.0,manager,24966.0,0,0.08842393,0
38.0,company invited,2,16.0,salaried,male,3,3.0,deluxe,3.0,married,4.0,0,3,0,2.0,manager,21077.0,0,0.08842393,0
29.0,self enquiry,1,21.0,salaried,female,3,5.0,basic,3.0,married,1.0,1,5,1,1.0,executive,17168.0,0,0.29805607,0
43.0,company invited,1,17.0,large business,male,3,4.0,basic,3.0,married,5.0,0,4,1,1.0,executive,21614.0,0,0.08842393,0
50.0,company invited,3,18.0,small business,female,3,3.0,standard,3.0,single,5.0,0,5,0,0.0,senior manager,24208.0,0,0.08842393,0
22.0,self enquiry,1,17.0,small business,female,2,3.0,basic,4.0,married,2.0,0,1,1,1.0,executive,17244.0,0,0.08842393,0
29.0,self enquiry,1,21.0,salaried,male,2,3.0,basic,3.0,single,2.0,0,3,0,0.0,executive,17340.0,0,0.08842393,0
28.0,self enquiry,1,6.0,salaried,male,2,3.0,basic,3.0,married,2.0,0,1,0,0.0,executive,17044.0,0,0.08842393,0
36.0,self enquiry,3,7.0,small business,female,4,4.0,deluxe,3.0,single,3.0,0,4,1,1.0,manager,23537.0,0,0.08842393,0
38.0,company invited,3,16.0,large business,female,2,3.0,deluxe,3.0,single,2.0,1,3,0,1.0,manager,20666.0,0,0.5640551,0
36.0,self enquiry,1,11.0,salaried,male,4,4.0,basic,3.0,married,3.0,0,4,1,2.0,executive,20629.0,0,0.08842393,0
27.0,self enquiry,3,30.0,small business,female,3,5.0,deluxe,3.0,married,2.0,1,1,0,1.0,manager,22835.0,0,0.3812885,0
38.0,self enquiry,1,9.0,large business,female,2,3.0,deluxe,3.0,single,4.0,1,5,0,0.0,manager,1000.0,0,0.8756364,1
37.0,self enquiry,1,17.0,large business,female,4,4.0,standard,3.0,divorced,5.0,0,3,0,3.0,senior manager,25772.0,0,0.08842393,0
36.0,company invited,3,21.0,small business,male,2,5.0,deluxe,3.0,married,2.0,0,1,1,0.0,manager,20406.0,0,0.08842393,0
43.0,self enquiry,1,9.0,salaried,female,3,4.0,deluxe,3.0,married,3.0,0,1,0,1.0,manager,22767.0,0,0.08842393,0
35.0,self enquiry,3,22.0,small business,male,3,3.0,standard,4.0,married,1.0,0,1,1,1.0,senior manager,23020.0,0,0.08842393,0
42.0,self enquiry,1,19.0,salaried,male,3,4.0,basic,3.0,married,5.0,1,3,1,1.0,executive,23444.0,0,0.33587897,0
52.0,self enquiry,1,10.0,salaried,female,1,3.0,super deluxe,3.0,divorced,3.0,0,5,1,0.0,avp,31555.0,0,0.08842393,0
27.0,self enquiry,1,32.0,salaried,male,3,6.0,basic,3.0,single,3.0,0,2,1,2.0,executive,20971.0,1,0.31265992,0
34.0,company invited,1,32.0,large business,female,3,4.0,basic,3.0,married,2.0,0,1,1,0.0,executive,17029.0,0,0.20516624,0
59.0,self enquiry,3,31.0,salaried,female,2,3.0,standard,5.0,single,1.0,0,3,1,0.0,senior manager,22637.0,0,0.08842393,0
38.0,self enquiry,1,8.0,salaried,male,2,3.0,deluxe,3.0,divorced,1.0,0,2,0,1.0,manager,21553.0,0,0.08842393,0
31.0,self enquiry,1,17.0,salaried,male,2,3.0,basic,3.0,married,4.0,1,3,0,0.0,executive,17356.0,0,0.47718444,0
37.0,company invited,1,25.0,small business,female,4,4.0,basic,3.0,single,3.0,0,3,1,3.0,executive,20831.0,0,0.08842393,0
45.0,company invited,1,31.0,small business,female,2,3.0,king,4.0,single,4.0,0,4,1,1.0,vp,33061.0,0,0.08842393,0
36.0,company invited,1,11.0,salaried,male,3,5.0,basic,3.0,married,3.0,0,1,1,2.0,executive,21054.0,0,0.08842393,0
30.0,self enquiry,2,6.0,salaried,male,2,3.0,basic,3.0,married,1.0,0,1,0,1.0,executive,17064.0,0,0.08842393,0
37.0,self enquiry,1,13.0,salaried,male,3,6.0,basic,3.0,married,3.0,0,1,1,1.0,executive,21419.0,0,0.08842393,0
50.0,company invited,1,15.0,salaried,male,4,5.0,deluxe,4.0,married,3.0,0,1,0,1.0,manager,23808.0,0,0.08842393,0
34.0,company invited,1,13.0,salaried,male,3,5.0,deluxe,3.0,single,2.0,1,5,1,1.0,manager,21074.0,1,0.52320755,0
36.0,self enquiry,2,15.0,large business,female,2,3.0,basic,3.0,married,2.0,0,1,1,0.0,executive,20410.0,1,0.17654744,0
35.0,self enquiry,1,10.0,salaried,male,3,3.0,basic,3.0,married,2.0,0,4,0,0.0,executive,16951.0,0,0.08842393,0
42.0,self enquiry,3,16.0,salaried,male,4,4.0,standard,3.0,married,5.0,1,2,0,2.0,senior manager,26867.0,0,0.08842393,0
24.0,self enquiry,1,15.0,small business,male,4,5.0,basic,3.0,single,3.0,1,4,1,3.0,executive,22667.0,1,0.8526666,1
38.0,self enquiry,2,13.0,salaried,male,4,4.0,basic,5.0,married,6.0,1,1,0,3.0,executive,20751.0,1,0.49038953,0
32.0,self enquiry,1,29.0,small business,male,4,4.0,deluxe,3.0,divorced,3.0,1,5,1,1.0,manager,24857.0,1,0.08842393,0
46.0,self enquiry,3,9.0,small business,male,2,3.0,super deluxe,3.0,married,4.0,0,1,1,0.0,avp,32465.0,0,0.08842393,0
55.0,self enquiry,1,14.0,small business,female,2,3.0,super deluxe,3.0,married,3.0,1,3,1,1.0,avp,29756.0,0,0.08842393,0
42.0,self enquiry,3,7.0,small business,male,3,3.0,standard,5.0,divorced,3.0,0,3,1,2.0,senior manager,27070.0,0,0.08842393,0
27.0,self enquiry,3,30.0,small business,female,3,5.0,deluxe,3.0,divorced,2.0,1,2,1,1.0,manager,22835.0,0,0.6706735,1
38.0,self enquiry,2,15.0,salaried,male,3,4.0,deluxe,4.0,married,4.0,0,3,1,2.0,manager,22749.0,0,0.08842393,0
36.0,company invited,3,18.0,small business,male,3,4.0,deluxe,3.0,married,3.0,0,5,1,2.0,manager,23646.0,0,0.08842393,0
34.0,company invited,1,9.0,salaried,male,2,3.0,deluxe,3.0,single,1.0,0,1,1,0.0,manager,22756.0,0,0.08842393,0
32.0,self enquiry,1,10.0,salaried,female,3,4.0,deluxe,3.0,married,2.0,0,4,1,1.0,manager,21162.0,0,0.08842393,0
37.0,self enquiry,3,17.0,small business,male,3,5.0,standard,5.0,married,2.0,0,5,0,1.0,senior manager,25772.0,1,0.08842393,0
55.0,company invited,1,27.0,salaried,female,3,4.0,deluxe,3.0,single,5.0,0,4,0,2.0,manager,23547.0,0,0.08842393,0
30.0,self enquiry,1,8.0,small business,female,2,4.0,deluxe,3.0,single,6.0,1,2,1,1.0,manager,21877.0,0,0.08842393,0
23.0,self enquiry,1,14.0,salaried,male,4,4.0,basic,4.0,single,3.0,1,3,1,1.0,executive,21150.0,1,0.6807428,1
18.0,company invited,3,9.0,small business,female,3,3.0,basic,3.0,single,2.0,1,5,0,1.0,executive,16569.0,1,0.9454944,1
43.0,self enquiry,1,13.0,salaried,female,2,3.0,standard,5.0,married,1.0,0,5,1,0.0,senior manager,24985.0,0,0.08842393,0
32.0,self enquiry,1,6.0,small business,male,2,3.0,deluxe,3.0,married,2.0,1,4,1,1.0,manager,21162.0,0,0.08842393,0
39.0,self enquiry,1,17.0,small business,female,3,6.0,standard,3.0,married,5.0,0,1,1,2.0,senior manager,31884.0,0,0.08842393,0
45.0,self enquiry,1,11.0,small business,male,3,4.0,deluxe,4.0,single,2.0,0,1,1,2.0,manager,24611.0,0,0.08842393,0
42.0,self enquiry,1,12.0,small business,male,2,3.0,standard,5.0,married,1.0,0,3,1,0.0,senior manager,28348.0,0,0.08842393,0
31.0,company invited,1,11.0,large business,male,3,4.0,basic,3.0,single,20.0,1,4,1,2.0,executive,20963.0,1,0.9760372,1
38.0,company invited,1,8.0,small business,female,2,4.0,basic,4.0,single,2.0,0,1,1,0.0,executive,17440.0,0,0.13887647,0
31.0,self enquiry,1,30.0,small business,female,3,4.0,deluxe,5.0,single,2.0,0,5,0,2.0,manager,21812.0,0,0.08842393,0
30.0,self enquiry,1,34.0,small business,female,4,4.0,deluxe,3.0,married,6.0,0,1,0,2.0,manager,23013.0,0,0.08842393,0
38.0,self enquiry,1,12.0,small business,male,4,4.0,deluxe,3.0,married,2.0,0,3,0,1.0,manager,25025.0,0,0.08842393,0
43.0,company invited,1,6.0,salaried,female,2,3.0,deluxe,3.0,married,5.0,0,1,1,1.0,manager,20562.0,0,0.08842393,0
55.0,company invited,1,8.0,salaried,male,3,3.0,standard,4.0,married,4.0,0,1,0,1.0,senior manager,25976.0,0,0.08842393,0
27.0,self enquiry,1,8.0,salaried,female,2,3.0,basic,5.0,married,2.0,0,3,0,1.0,executive,17341.0,0,0.08842393,0
31.0,self enquiry,3,23.0,salaried,male,4,4.0,deluxe,3.0,divorced,2.0,0,3,0,3.0,manager,23979.0,0,0.08842393,0
41.0,company invited,1,11.0,salaried,male,3,4.0,basic,5.0,married,7.0,0,3,1,0.0,executive,17107.0,1,0.32445344,0
53.0,self enquiry,1,12.0,salaried,male,2,3.0,deluxe,3.0,single,3.0,0,5,1,0.0,manager,17450.0,0,0.08842393,0
43.0,self enquiry,1,21.0,salaried,male,3,4.0,super deluxe,3.0,married,2.0,0,3,1,1.0,avp,32603.0,0,0.08842393,0
47.0,company invited,3,33.0,salaried,female,3,1.0,deluxe,3.0,single,5.0,1,4,0,1.0,manager,21397.0,1,0.5650027,0
32.0,company invited,1,36.0,small business,male,4,5.0,basic,4.0,single,2.0,0,3,0,3.0,executive,22157.0,1,0.20199473,0
27.0,self enquiry,1,7.0,salaried,female,3,5.0,basic,3.0,married,3.0,1,4,0,1.0,executive,21611.0,0,0.14947024,0
31.0,self enquiry,3,35.0,small business,female,3,4.0,deluxe,3.0,married,2.0,0,3,1,0.0,manager,20468.0,0,0.08842393,0
46.0,self enquiry,1,19.0,salaried,male,2,3.0,deluxe,4.0,single,7.0,0,4,1,0.0,manager,20562.0,0,0.08842393,0
43.0,self enquiry,1,9.0,salaried,male,4,5.0,deluxe,3.0,single,5.0,0,1,1,1.0,manager,25459.0,0,0.08842393,0
38.0,self enquiry,3,9.0,salaried,male,2,3.0,deluxe,3.0,single,1.0,1,3,1,1.0,manager,21861.0,0,0.48122633,0
49.0,self enquiry,1,24.0,salaried,male,2,4.0,king,3.0,married,2.0,1,3,1,0.0,vp,34502.0,0,0.09186862,0
50.0,company invited,1,6.0,salaried,female,3,3.0,king,4.0,divorced,4.0,1,2,0,2.0,vp,33172.0,0,0.08842393,0
28.0,self enquiry,1,27.0,small business,male,2,3.0,basic,3.0,divorced,2.0,0,2,0,0.0,executive,17713.0,0,0.08842393,0
60.0,self enquiry,3,32.0,salaried,female,5,4.0,standard,5.0,single,2.0,0,3,1,2.0,senior manager,26315.0,0,0.08842393,0
50.0,self enquiry,1,34.0,salaried,female,2,3.0,super deluxe,5.0,divorced,5.0,1,5,0,0.0,avp,31880.0,0,0.08842393,0
41.0,company invited,1,33.0,small business,female,4,5.0,deluxe,3.0,married,5.0,1,1,0,2.0,manager,23100.0,0,0.08842393,0
33.0,company invited,1,6.0,salaried,female,3,3.0,standard,3.0,single,2.0,1,1,1,0.0,senior manager,28458.0,0,0.08842393,0
28.0,self enquiry,1,9.0,salaried,female,3,4.0,deluxe,3.0,divorced,2.0,0,5,0,2.0,manager,22905.0,0,0.08842393,0
18.0,company invited,3,11.0,small business,male,3,3.0,basic,4.0,single,2.0,1,4,1,2.0,executive,16878.0,1,0.95925623,1
46.0,self enquiry,1,27.0,small business,male,4,6.0,standard,5.0,married,4.0,1,3,0,1.0,senior manager,29529.0,0,0.28109822,0
47.0,self enquiry,3,7.0,small business,female,4,4.0,standard,5.0,married,3.0,0,1,1,3.0,senior manager,29131.0,0,0.08842393,0
29.0,self enquiry,1,29.0,salaried,male,2,3.0,basic,3.0,single,1.0,0,3,1,0.0,executive,17201.0,0,0.08842393,0
48.0,self enquiry,1,26.0,small business,male,2,3.0,basic,3.0,married,5.0,0,1,1,0.0,executive,17259.0,0,0.08842393,0
53.0,self enquiry,1,18.0,salaried,female,3,4.0,deluxe,3.0,married,2.0,0,1,1,1.0,manager,21827.0,0,0.08842393,0
31.0,self enquiry,1,18.0,small business,female,2,3.0,deluxe,3.0,divorced,1.0,1,4,0,1.0,manager,20855.0,0,0.08842393,0
28.0,self enquiry,1,14.0,small business,female,3,5.0,deluxe,5.0,single,2.0,0,3,1,1.0,manager,25489.0,0,0.08842393,0
33.0,company invited,3,33.0,small business,male,4,4.0,deluxe,3.0,married,2.0,0,4,1,2.0,manager,23143.0,0,0.08842393,0
35.0,company invited,2,30.0,salaried,female,3,4.0,standard,5.0,married,2.0,1,3,1,1.0,senior manager,28628.0,1,0.11941444,0
30.0,self enquiry,3,21.0,small business,male,3,4.0,standard,5.0,married,3.0,0,1,0,2.0,senior manager,22140.0,0,0.08842393,0
43.0,self enquiry,3,11.0,small business,male,3,4.0,deluxe,5.0,single,2.0,0,5,1,2.0,manager,23833.0,0,0.29025906,0
45.0,self enquiry,3,7.0,small business,female,4,4.0,deluxe,5.0,married,7.0,1,2,0,1.0,manager,24132.0,0,0.08842393,0
41.0,self enquiry,3,29.0,small business,male,4,5.0,deluxe,3.0,married,4.0,1,3,1,1.0,manager,25058.0,1,0.43016025,0
45.0,self enquiry,1,34.0,large business,male,3,3.0,basic,3.0,married,5.0,0,3,1,2.0,executive,17132.0,0,0.08842393,0
41.0,company invited,3,16.0,salaried,male,2,3.0,deluxe,3.0,single,1.0,0,2,0,1.0,manager,21230.0,0,0.08842393,0
53.0,self enquiry,1,13.0,small business,female,2,3.0,king,3.0,married,4.0,0,2,1,0.0,vp,33606.0,0,0.08842393,0
31.0,self enquiry,1,17.0,salaried,male,2,3.0,basic,3.0,divorced,4.0,1,3,1,1.0,executive,17356.0,0,0.48308963,0
45.0,company invited,1,6.0,small business,male,2,3.0,deluxe,3.0,single,5.0,0,1,1,1.0,manager,20399.0,0,0.08842393,0
42.0,self enquiry,1,24.0,salaried,male,2,3.0,deluxe,5.0,married,7.0,1,1,0,0.0,manager,20410.0,0,0.094067916,0
38.0,self enquiry,1,28.0,salaried,male,4,2.0,basic,5.0,married,3.0,1,3,1,1.0,executive,22242.0,0,0.43386734,0
59.0,self enquiry,1,12.0,large business,female,3,5.0,standard,4.0,married,4.0,1,5,1,2.0,senior manager,29230.0,0,0.17649752,0
35.0,company invited,1,23.0,large business,male,3,6.0,basic,5.0,married,3.0,1,3,1,1.0,executive,20985.0,1,0.901987,1
36.0,self enquiry,1,23.0,salaried,male,4,4.0,standard,3.0,divorced,6.0,1,2,0,2.0,senior manager,26310.0,0,0.08842393,0
26.0,company invited,1,13.0,small business,male,3,3.0,basic,3.0,single,2.0,0,4,1,2.0,executive,17570.0,0,0.08842393,0
46.0,self enquiry,2,31.0,small business,male,3,4.0,basic,4.0,single,3.0,0,4,0,1.0,executive,20855.0,0,0.08842393,0
50.0,self enquiry,1,35.0,salaried,male,2,4.0,super deluxe,3.0,divorced,1.0,0,5,1,1.0,avp,32046.0,0,0.08842393,0
20.0,company invited,1,12.0,salaried,female,3,4.0,basic,3.0,single,2.0,1,2,1,1.0,executive,17926.0,1,0.7950703,1
44.0,company invited,1,6.0,small business,male,2,3.0,basic,4.0,married,2.0,1,3,1,1.0,executive,17342.0,1,0.43907326,0
53.0,self enquiry,3,6.0,small business,female,2,3.0,deluxe,5.0,single,1.0,0,2,1,1.0,manager,23381.0,0,0.13366944,0
41.0,company invited,1,33.0,small business,female,4,5.0,deluxe,3.0,divorced,5.0,1,2,1,1.0,manager,23100.0,0,0.10176598,0
46.0,self enquiry,3,15.0,small business,male,3,4.0,standard,3.0,single,2.0,0,5,0,1.0,senior manager,24619.0,1,0.08842393,0
37.0,self enquiry,1,23.0,salaried,female,3,2.0,basic,5.0,single,3.0,0,2,1,1.0,executive,21421.0,1,0.35788813,0
35.0,company invited,1,8.0,salaried,female,3,3.0,deluxe,5.0,married,3.0,0,4,0,0.0,manager,20093.0,0,0.08842393,0
18.0,self enquiry,3,15.0,small business,male,2,3.0,basic,3.0,single,2.0,0,5,0,1.0,executive,16611.0,1,0.6126765,1
45.0,self enquiry,2,7.0,salaried,female,3,5.0,deluxe,3.0,single,6.0,0,5,1,2.0,manager,24663.0,0,0.08842393,0
44.0,company invited,1,34.0,salaried,female,3,4.0,standard,5.0,married,2.0,0,4,1,1.0,senior manager,29498.0,0,0.08842393,0
34.0,company invited,1,9.0,salaried,male,2,4.0,basic,3.0,married,4.0,0,1,0,0.0,executive,17979.0,0,0.08842393,0
36.0,self enquiry,3,6.0,salaried,male,2,3.0,deluxe,3.0,married,2.0,1,3,1,1.0,manager,21201.0,0,0.08842393,0
31.0,self enquiry,1,17.0,small business,male,3,3.0,deluxe,5.0,married,2.0,1,1,1,1.0,manager,21833.0,0,0.08842393,0
37.0,company invited,3,15.0,small business,male,3,3.0,standard,4.0,married,2.0,0,2,1,0.0,senior manager,23834.0,0,0.08842393,0
31.0,self enquiry,1,7.0,small business,male,4,4.0,basic,4.0,divorced,2.0,1,4,1,3.0,executive,22257.0,0,0.22458626,0
34.0,self enquiry,1,17.0,small business,male,3,6.0,basic,3.0,married,2.0,0,5,0,1.0,executive,22086.0,1,0.08842393,0
41.0,self enquiry,1,34.0,salaried,female,2,4.0,super deluxe,4.0,married,1.0,0,5,1,1.0,avp,28570.0,0,0.08842393,0
56.0,company invited,1,15.0,small business,female,3,3.0,basic,3.0,married,3.0,0,1,1,0.0,executive,17942.0,0,0.08842393,0
38.0,self enquiry,1,21.0,salaried,male,3,4.0,standard,3.0,married,1.0,1,5,1,1.0,senior manager,26510.0,0,0.08842393,0
47.0,company invited,1,14.0,small business,female,2,4.0,deluxe,3.0,married,4.0,0,5,1,1.0,manager,23936.0,0,0.08842393,0
59.0,company invited,3,6.0,salaried,female,2,4.0,deluxe,3.0,single,1.0,0,5,1,0.0,manager,20473.0,0,0.08842393,0
30.0,company invited,1,9.0,salaried,male,3,4.0,deluxe,3.0,married,3.0,0,3,0,1.0,manager,27531.0,0,0.08842393,0
22.0,company invited,1,17.0,salaried,female,3,5.0,basic,3.0,single,3.0,0,4,1,1.0,executive,21303.0,1,0.5389772,0
54.0,self enquiry,1,11.0,small business,male,2,3.0,king,5.0,married,5.0,0,4,1,0.0,vp,34406.0,0,0.08842393,0
46.0,self enquiry,1,7.0,small business,female,4,4.0,basic,3.0,married,5.0,0,5,1,1.0,executive,20948.0,0,0.08842393,0
49.0,company invited,1,11.0,small business,male,3,5.0,super deluxe,3.0,married,4.0,0,5,1,2.0,avp,33880.0,0,0.08842393,0
37.0,self enquiry,1,9.0,salaried,female,4,4.0,basic,3.0,divorced,6.0,0,5,1,1.0,executive,21221.0,0,0.08842393,0
35.0,company invited,3,8.0,salaried,female,3,6.0,basic,3.0,single,3.0,0,3,0,2.0,executive,23122.0,1,0.47647625,0
22.0,company invited,3,16.0,small business,male,3,4.0,basic,3.0,single,3.0,0,4,1,1.0,executive,21288.0,0,0.6771307,1
49.0,self enquiry,3,14.0,large business,male,2,4.0,super deluxe,4.0,married,7.0,0,4,1,1.0,avp,28120.0,0,0.08842393,0
42.0,company invited,1,7.0,salaried,female,3,1.0,standard,4.0,single,2.0,0,3,1,0.0,senior manager,17372.0,1,0.08842393,0
42.0,company invited,1,25.0,small business,male,2,2.0,basic,3.0,married,7.0,1,3,1,1.0,executive,17759.0,1,0.43981904,0
42.0,self enquiry,3,14.0,small business,male,2,3.0,deluxe,4.0,divorced,1.0,0,3,0,1.0,manager,21825.0,0,0.08842393,0
54.0,self enquiry,3,15.0,small business,male,4,4.0,super deluxe,3.0,married,7.0,0,3,1,1.0,avp,30514.0,0,0.08842393,0
36.0,self enquiry,1,14.0,salaried,male,4,5.0,basic,3.0,married,3.0,0,3,1,1.0,executive,21368.0,0,0.08842393,0
29.0,self enquiry,3,29.0,salaried,female,2,4.0,standard,5.0,married,2.0,0,3,1,1.0,senior manager,22336.0,1,0.08842393,0
28.0,self enquiry,1,6.0,large business,male,2,3.0,basic,5.0,single,3.0,0,4,0,0.0,executive,17080.0,0,0.37751558,0
41.0,company invited,1,23.0,small business,male,3,5.0,deluxe,3.0,single,8.0,0,5,0,1.0,manager,23772.0,0,0.08842393,0
34.0,company invited,3,25.0,small business,male,3,2.0,deluxe,3.0,single,1.0,1,2,1,2.0,manager,20304.0,1,0.64292604,1
45.0,company invited,1,12.0,salaried,male,3,5.0,basic,3.0,single,5.0,0,1,0,2.0,executive,21840.0,0,0.08842393,0
47.0,self enquiry,1,15.0,salaried,female,3,3.0,basic,3.0,single,5.0,0,3,1,0.0,executive,17105.0,0,0.08842393,0
29.0,self enquiry,3,33.0,salaried,male,3,5.0,deluxe,5.0,divorced,3.0,0,4,1,1.0,manager,23402.0,0,0.12781577,0
44.0,company invited,1,24.0,large business,male,3,5.0,basic,3.0,married,2.0,1,5,1,2.0,executive,21115.0,1,0.60997635,1
39.0,company invited,1,36.0,salaried,female,3,4.0,deluxe,3.0,single,3.0,0,3,1,1.0,manager,21084.0,0,0.08842393,0
36.0,self enquiry,3,17.0,small business,male,3,5.0,standard,5.0,married,2.0,0,5,1,2.0,senior manager,28984.0,1,0.08842393,0
33.0,company invited,1,23.0,salaried,female,4,6.0,basic,5.0,single,3.0,1,4,0,1.0,executive,22597.0,1,0.8924584,1
58.0,company invited,3,8.0,small business,male,2,3.0,super deluxe,4.0,married,5.0,0,4,1,0.0,avp,17705.0,0,0.08842393,0
20.0,self enquiry,1,10.0,small business,female,4,4.0,basic,4.0,single,3.0,0,3,1,1.0,executive,20161.0,0,0.14170477,0
36.0,self enquiry,3,15.0,salaried,female,4,4.0,basic,3.0,married,3.0,0,3,1,3.0,executive,21250.0,0,0.08842393,0
53.0,company invited,1,32.0,small business,female,3,5.0,super deluxe,3.0,divorced,5.0,0,5,0,2.0,avp,32504.0,0,0.08842393,0
35.0,self enquiry,2,32.0,salaried,female,2,3.0,standard,3.0,single,2.0,1,1,1,0.0,senior manager,23837.0,0,0.25637752,0
33.0,company invited,3,28.0,small business,male,3,3.0,deluxe,4.0,divorced,1.0,0,2,0,1.0,manager,21146.0,0,0.08842393,0
28.0,self enquiry,3,30.0,small business,female,3,5.0,deluxe,3.0,married,3.0,0,1,1,2.0,manager,22218.0,0,0.08842393,0
48.0,self enquiry,1,8.0,large business,male,3,1.0,basic,4.0,single,6.0,0,2,0,2.0,executive,17559.0,0,0.08842393,0
42.0,self enquiry,1,19.0,salaried,male,3,4.0,basic,3.0,divorced,5.0,1,3,1,1.0,executive,23444.0,0,0.35948646,0
54.0,company invited,2,32.0,salaried,female,1,1.0,super deluxe,3.0,single,3.0,1,3,1,0.0,avp,32328.0,0,0.58671916,0
48.0,self enquiry,1,6.0,salaried,male,3,4.0,standard,3.0,single,1.0,1,5,0,0.0,senior manager,20381.0,1,0.41278148,0
54.0,self enquiry,1,25.0,small business,female,3,3.0,deluxe,5.0,married,1.0,1,3,0,2.0,manager,20485.0,0,0.08842393,0
36.0,self enquiry,1,12.0,salaried,male,2,5.0,basic,3.0,married,2.0,0,2,0,0.0,executive,17741.0,0,0.08842393,0
33.0,self enquiry,3,15.0,large business,female,4,5.0,deluxe,4.0,divorced,3.0,1,2,1,1.0,manager,23906.0,0,0.122668736,0
30.0,self enquiry,1,28.0,salaried,female,3,2.0,standard,5.0,married,3.0,0,5,1,2.0,senior manager,28658.0,0,0.08842393,0
51.0,company invited,3,8.0,small business,male,2,3.0,standard,4.0,divorced,3.0,0,4,0,0.0,senior manager,25596.0,0,0.08842393,0
34.0,self enquiry,3,12.0,small business,female,3,4.0,basic,3.0,single,3.0,1,1,0,2.0,executive,21529.0,1,0.6961131,1
33.0,company invited,3,6.0,salaried,female,2,1.0,deluxe,5.0,married,3.0,0,3,0,1.0,manager,20376.0,0,0.08842393,0
31.0,self enquiry,1,9.0,salaried,female,3,6.0,deluxe,3.0,single,4.0,0,2,0,2.0,manager,24769.0,0,0.08842393,0
49.0,self enquiry,3,14.0,large business,male,2,4.0,super deluxe,4.0,divorced,7.0,0,4,1,0.0,avp,28120.0,0,0.08842393,0
35.0,self enquiry,1,16.0,small business,female,3,5.0,standard,4.0,single,3.0,0,1,1,1.0,senior manager,27299.0,0,0.08842393,0
36.0,company invited,1,7.0,small business,male,4,4.0,basic,5.0,married,6.0,0,1,0,2.0,executive,20872.0,0,0.08842393,0
31.0,self enquiry,1,29.0,small business,male,3,4.0,deluxe,3.0,divorced,1.0,0,3,1,1.0,manager,20582.0,0,0.08842393,0
23.0,self enquiry,1,32.0,salaried,male,2,3.0,basic,3.0,married,2.0,0,2,1,1.0,executive,17904.0,0,0.08842393,0
50.0,self enquiry,1,8.0,small business,male,3,3.0,king,3.0,divorced,3.0,1,2,1,1.0,vp,34237.0,0,0.08842393,0
34.0,self enquiry,1,8.0,large business,female,3,3.0,deluxe,3.0,single,2.0,0,5,1,1.0,manager,21687.0,0,0.08842393,0
40.0,self enquiry,2,9.0,salaried,female,3,5.0,deluxe,3.0,married,2.0,0,3,1,1.0,manager,23882.0,0,0.08842393,0
29.0,self enquiry,1,14.0,salaried,female,2,5.0,deluxe,5.0,married,4.0,0,1,0,0.0,manager,24715.0,0,0.08842393,0
27.0,company invited,1,12.0,small business,female,3,5.0,basic,3.0,divorced,3.0,1,2,0,2.0,executive,21044.0,1,0.5171836,0
41.0,self enquiry,3,32.0,small business,male,3,5.0,standard,4.0,single,4.0,1,5,0,2.0,senior manager,27772.0,1,0.5144297,0
28.0,company invited,1,12.0,salaried,male,2,4.0,basic,3.0,married,2.0,1,4,1,1.0,executive,17703.0,0,0.63089323,1
27.0,self enquiry,2,27.0,small business,female,4,4.0,basic,4.0,married,2.0,1,3,0,2.0,executive,20826.0,1,0.72769237,1
34.0,self enquiry,1,16.0,salaried,male,2,3.0,basic,4.0,married,2.0,0,2,1,0.0,executive,17008.0,0,0.10492452,0
33.0,self enquiry,1,14.0,salaried,male,2,1.0,basic,5.0,married,7.0,0,3,1,1.0,executive,18143.0,0,0.23937565,0
31.0,self enquiry,1,15.0,salaried,male,2,3.0,standard,4.0,married,2.0,0,3,1,1.0,senior manager,25648.0,0,0.08842393,0
37.0,self enquiry,3,16.0,salaried,female,2,4.0,deluxe,3.0,married,3.0,1,4,0,0.0,manager,21694.0,0,0.097921036,0
28.0,self enquiry,1,21.0,salaried,male,2,3.0,basic,3.0,married,2.0,0,4,1,1.0,executive,17207.0,0,0.08842393,0
40.0,self enquiry,1,14.0,salaried,female,3,3.0,deluxe,5.0,married,3.0,1,1,0,0.0,manager,21516.0,0,0.08842393,0
35.0,self enquiry,1,22.0,salaried,female,3,4.0,standard,4.0,single,2.0,0,1,1,2.0,senior manager,23606.0,0,0.08842393,0
42.0,self enquiry,1,8.0,small business,male,2,3.0,super deluxe,5.0,married,1.0,0,3,1,0.0,avp,32665.0,0,0.08842393,0
37.0,self enquiry,3,23.0,small business,female,4,5.0,deluxe,5.0,divorced,6.0,0,5,1,1.0,manager,24325.0,0,0.08842393,0
37.0,self enquiry,1,13.0,salaried,male,3,4.0,basic,3.0,married,2.0,0,5,1,2.0,executive,21888.0,0,0.08842393,0
29.0,self enquiry,3,29.0,salaried,female,2,4.0,standard,5.0,divorced,2.0,0,3,0,0.0,senior manager,22336.0,1,0.08842393,0
27.0,self enquiry,1,12.0,small business,female,3,4.0,basic,3.0,married,1.0,0,1,0,1.0,executive,17187.0,0,0.08842393,0
56.0,company invited,1,15.0,small business,male,3,5.0,super deluxe,4.0,married,3.0,1,3,1,2.0,avp,32255.0,0,0.08842393,0
33.0,self enquiry,1,8.0,small business,male,3,3.0,basic,3.0,single,5.0,0,3,1,2.0,executive,17496.0,0,0.08842393,0
53.0,self enquiry,1,9.0,small business,male,2,3.0,super deluxe,3.0,married,4.0,1,5,1,0.0,avp,32584.0,0,0.08842393,0
21.0,company invited,3,15.0,small business,male,2,3.0,basic,3.0,single,2.0,0,4,1,0.0,executive,17610.0,0,0.65958977,1
44.0,company invited,1,17.0,salaried,female,3,4.0,basic,3.0,single,2.0,0,5,0,1.0,executive,21133.0,0,0.13931067,0
55.0,self enquiry,3,9.0,salaried,female,3,5.0,standard,3.0,divorced,8.0,0,5,1,1.0,senior manager,29364.0,0,0.08842393,0
34.0,company invited,3,15.0,salaried,female,3,5.0,basic,3.0,single,2.0,0,2,1,2.0,executive,21020.0,0,0.30738175,0
59.0,self enquiry,3,17.0,small business,male,3,4.0,super deluxe,3.0,single,2.0,0,3,1,2.0,avp,32550.0,0,0.08842393,0
31.0,self enquiry,1,15.0,salaried,female,4,2.0,standard,5.0,divorced,2.0,1,2,0,3.0,senior manager,30094.0,0,0.08842393,0
50.0,company invited,3,18.0,salaried,male,2,3.0,deluxe,3.0,single,4.0,1,3,1,1.0,manager,31880.0,1,0.8064863,1
27.0,self enquiry,3,12.0,salaried,female,2,5.0,basic,3.0,single,2.0,0,1,0,1.0,executive,21644.0,0,0.36033335,0
36.0,self enquiry,3,23.0,small business,male,4,4.0,standard,4.0,divorced,2.0,0,2,1,3.0,senior manager,26698.0,0,0.08842393,0
34.0,company invited,1,22.0,large business,male,2,5.0,basic,5.0,married,2.0,1,3,1,0.0,executive,17307.0,1,0.8988511,1
20.0,company invited,1,17.0,small business,female,4,5.0,basic,4.0,single,3.0,1,5,1,2.0,executive,20537.0,1,0.9467994,1
41.0,self enquiry,1,25.0,salaried,male,2,3.0,deluxe,5.0,married,3.0,0,1,0,0.0,manager,18072.0,0,0.08842393,0
49.0,self enquiry,1,11.0,large business,male,3,3.0,deluxe,3.0,divorced,3.0,0,3,0,0.0,manager,21651.0,0,0.08842393,0
34.0,self enquiry,1,7.0,salaried,male,4,5.0,basic,5.0,single,5.0,1,4,0,1.0,executive,21477.0,0,0.7325334,1
22.0,self enquiry,3,29.0,large business,male,3,4.0,basic,3.0,single,3.0,0,1,0,1.0,executive,22125.0,0,0.4668454,0
31.0,company invited,3,6.0,salaried,female,2,3.0,basic,4.0,single,2.0,1,5,1,1.0,executive,17302.0,1,0.8266041,1
41.0,self enquiry,1,7.0,salaried,female,3,4.0,deluxe,3.0,married,6.0,0,3,0,2.0,manager,25191.0,0,0.08842393,0
39.0,self enquiry,1,10.0,large business,female,3,4.0,deluxe,3.0,single,5.0,1,5,1,1.0,manager,22995.0,0,0.08842393,0
30.0,self enquiry,3,7.0,small business,female,3,5.0,basic,3.0,married,8.0,1,2,0,2.0,executive,21478.0,1,0.90684724,1
54.0,self enquiry,1,23.0,large business,female,2,3.0,standard,3.0,married,1.0,0,5,0,0.0,senior manager,25739.0,0,0.08842393,0
47.0,company invited,1,25.0,small business,female,3,4.0,standard,3.0,married,7.0,0,3,0,2.0,senior manager,29205.0,0,0.08842393,0
41.0,self enquiry,3,9.0,salaried,male,2,4.0,deluxe,4.0,married,3.0,0,3,0,1.0,manager,23938.0,0,0.08842393,0
21.0,self enquiry,3,9.0,small business,female,3,5.0,basic,3.0,single,3.0,0,4,0,2.0,executive,20722.0,1,0.6721904,1
30.0,company invited,1,29.0,salaried,male,3,5.0,basic,3.0,married,2.0,0,3,0,0.0,executive,17613.0,0,0.2200557,0
28.0,self enquiry,1,7.0,large business,male,3,4.0,basic,5.0,single,7.0,0,3,1,1.0,executive,17080.0,1,0.8027124,1
31.0,self enquiry,1,9.0,small business,female,3,5.0,deluxe,3.0,single,7.0,1,1,1,2.0,manager,25555.0,0,0.08842393,0
34.0,company invited,3,17.0,small business,male,3,5.0,deluxe,3.0,single,5.0,0,3,1,2.0,manager,23360.0,0,0.08842393,0
31.0,self enquiry,3,14.0,salaried,male,2,3.0,standard,3.0,married,2.0,0,3,1,0.0,senior manager,25793.0,0,0.08842393,0
29.0,self enquiry,3,25.0,salaried,male,3,4.0,deluxe,3.0,married,2.0,0,4,1,0.0,manager,23620.0,0,0.08842393,0
29.0,self enquiry,1,27.0,salaried,female,2,2.0,standard,5.0,married,2.0,0,5,1,1.0,senior manager,24980.0,0,0.08842393,0
58.0,self enquiry,1,15.0,small business,female,3,4.0,basic,4.0,married,5.0,1,1,1,1.0,executive,18346.0,0,0.10196736,0
32.0,self enquiry,1,11.0,salaried,male,2,4.0,deluxe,3.0,single,1.0,0,1,0,1.0,manager,24679.0,0,0.08842393,0
29.0,company invited,3,14.0,salaried,male,3,4.0,deluxe,5.0,single,2.0,0,3,1,2.0,manager,23576.0,0,0.38494363,0
38.0,self enquiry,1,24.0,small business,male,2,5.0,deluxe,3.0,married,4.0,1,5,0,1.0,manager,20811.0,0,0.2582166,0
37.0,self enquiry,1,16.0,small business,male,3,5.0,deluxe,4.0,married,4.0,1,4,1,1.0,manager,27525.0,0,0.08842393,0
42.0,company invited,1,9.0,salaried,female,4,5.0,deluxe,3.0,single,4.0,1,1,0,1.0,manager,25489.0,0,0.08842393,0
51.0,company invited,3,7.0,salaried,female,4,4.0,deluxe,3.0,divorced,2.0,0,2,1,2.0,manager,25025.0,0,0.08842393,0
32.0,self enquiry,2,29.0,salaried,male,3,6.0,basic,3.0,married,3.0,0,1,0,2.0,executive,28530.0,1,0.09137674,0
45.0,company invited,1,9.0,small business,male,3,4.0,standard,3.0,single,7.0,1,1,0,2.0,senior manager,28887.0,0,0.08842393,0
29.0,self enquiry,1,24.0,small business,male,2,4.0,basic,3.0,single,2.0,1,3,0,0.0,executive,17389.0,1,0.8764323,1
32.0,self enquiry,3,13.0,salaried,male,3,4.0,deluxe,3.0,divorced,2.0,0,3,1,2.0,manager,20484.0,0,0.08842393,0
29.0,self enquiry,3,9.0,small business,female,3,4.0,deluxe,4.0,divorced,3.0,1,3,1,1.0,manager,23457.0,0,0.09056957,0
51.0,company invited,1,27.0,small business,male,3,4.0,super deluxe,3.0,married,4.0,1,4,1,2.0,avp,29923.0,0,0.08842393,0
27.0,company invited,3,36.0,small business,male,4,6.0,deluxe,5.0,single,2.0,0,3,0,1.0,manager,23647.0,1,0.89679563,1
31.0,self enquiry,3,13.0,small business,male,3,3.0,deluxe,3.0,married,5.0,0,1,0,0.0,manager,22547.0,0,0.08842393,0
37.0,company invited,1,10.0,small business,male,2,4.0,basic,4.0,single,6.0,0,4,1,1.0,executive,20766.0,0,0.29866904,0
41.0,self enquiry,3,23.0,small business,male,4,4.0,standard,3.0,married,4.0,0,5,0,2.0,senior manager,22222.0,1,0.08842393,0
35.0,self enquiry,1,31.0,large business,male,3,4.0,standard,4.0,divorced,4.0,0,3,1,1.0,senior manager,25903.0,0,0.08842393,0
56.0,company invited,1,9.0,salaried,male,4,4.0,standard,4.0,married,5.0,0,1,0,2.0,senior manager,29654.0,0,0.08842393,0
28.0,company invited,1,16.0,small business,male,3,4.0,basic,4.0,married,8.0,0,3,1,2.0,executive,20702.0,0,0.57331115,0
31.0,company invited,1,10.0,salaried,male,3,4.0,basic,3.0,married,6.0,0,3,1,1.0,executive,20775.0,0,0.090814665,0
29.0,self enquiry,1,26.0,small business,male,4,5.0,basic,5.0,divorced,3.0,0,3,1,3.0,executive,21874.0,0,0.14884205,0
37.0,self enquiry,1,13.0,salaried,male,3,6.0,basic,3.0,married,3.0,0,2,0,1.0,executive,21419.0,0,0.08842393,0
43.0,self enquiry,1,10.0,salaried,female,4,2.0,deluxe,3.0,divorced,4.0,1,5,0,1.0,manager,23909.0,0,0.08842393,0
29.0,self enquiry,1,9.0,small business,male,3,4.0,basic,3.0,single,8.0,0,3,1,2.0,executive,23060.0,1,0.08842393,0
37.0,self enquiry,3,10.0,salaried,male,3,5.0,standard,3.0,married,3.0,1,1,1,1.0,senior manager,29003.0,1,0.08842393,0
30.0,self enquiry,3,14.0,salaried,male,3,3.0,standard,3.0,married,6.0,0,3,1,0.0,senior manager,22264.0,0,0.08842393,0
29.0,self enquiry,3,26.0,small business,male,2,3.0,deluxe,3.0,married,3.0,0,2,1,1.0,manager,21931.0,0,0.08842393,0
35.0,self enquiry,1,13.0,salaried,male,3,4.0,basic,3.0,married,2.0,0,3,1,0.0,executive,17690.0,0,0.08842393,0
28.0,self enquiry,1,9.0,large business,male,3,4.0,basic,4.0,married,3.0,0,4,1,2.0,executive,20904.0,0,0.08842393,0
49.0,self enquiry,1,13.0,salaried,male,4,5.0,deluxe,3.0,single,4.0,0,1,0,3.0,manager,22918.0,0,0.08842393,0
37.0,self enquiry,3,7.0,salaried,female,4,4.0,deluxe,3.0,single,8.0,0,1,1,2.0,manager,25493.0,0,0.08842393,0
25.0,self enquiry,1,25.0,salaried,male,3,4.0,basic,3.0,divorced,2.0,0,4,1,1.0,executive,21452.0,0,0.08842393,0
43.0,company invited,1,30.0,salaried,male,3,5.0,deluxe,3.0,single,3.0,0,3,1,2.0,manager,23010.0,0,0.08842393,0
33.0,self enquiry,3,14.0,salaried,male,4,5.0,deluxe,3.0,divorced,3.0,0,3,1,3.0,manager,24162.0,0,0.08842393,0
42.0,company invited,2,8.0,small business,male,3,1.0,deluxe,5.0,married,1.0,0,1,1,1.0,manager,21272.0,0,0.08842393,0
59.0,self enquiry,1,9.0,large business,female,4,5.0,standard,3.0,married,2.0,0,5,0,1.0,senior manager,21050.0,1,0.08842393,0
36.0,self enquiry,3,16.0,small business,male,2,4.0,standard,5.0,married,1.0,0,5,0,0.0,senior manager,22094.0,1,0.08842393,0
32.0,self enquiry,3,13.0,small business,male,3,3.0,deluxe,3.0,divorced,5.0,0,5,1,1.0,manager,24204.0,0,0.08842393,0
32.0,company invited,1,11.0,salaried,female,2,1.0,basic,3.0,single,4.0,1,1,0,1.0,executive,17432.0,1,0.30772093,0
38.0,company invited,3,26.0,small business,male,3,4.0,standard,4.0,single,3.0,1,5,0,1.0,senior manager,26320.0,0,0.6792695,1
31.0,company invited,1,7.0,salaried,male,3,5.0,standard,3.0,single,3.0,0,5,1,2.0,senior manager,27152.0,0,0.08842393,0
42.0,company invited,2,11.0,salaried,male,3,6.0,deluxe,4.0,married,8.0,0,5,0,2.0,manager,25108.0,0,0.08842393,0
35.0,self enquiry,1,7.0,salaried,female,4,2.0,basic,3.0,single,4.0,0,2,0,1.0,executive,21958.0,0,0.08842393,0
43.0,self enquiry,3,15.0,small business,female,2,5.0,deluxe,3.0,single,1.0,0,2,1,1.0,manager,20346.0,1,0.08842393,0
40.0,self enquiry,2,10.0,salaried,female,3,3.0,deluxe,4.0,divorced,2.0,0,2,1,1.0,manager,25067.0,0,0.08842393,0
38.0,self enquiry,3,16.0,small business,male,3,4.0,standard,3.0,married,1.0,1,3,1,1.0,senior manager,23740.0,0,0.08842393,0
54.0,self enquiry,3,15.0,small business,male,4,4.0,super deluxe,3.0,divorced,7.0,0,3,0,3.0,avp,30514.0,0,0.08842393,0
27.0,self enquiry,3,15.0,large business,male,3,5.0,deluxe,5.0,single,8.0,0,3,0,1.0,manager,24004.0,1,0.84809756,1
45.0,company invited,1,30.0,small business,male,4,4.0,deluxe,4.0,married,6.0,0,3,0,2.0,manager,20720.0,0,0.08842393,0
22.0,self enquiry,1,21.0,small business,female,2,3.0,basic,3.0,single,2.0,0,1,1,1.0,executive,17871.0,0,0.08842393,0
44.0,self enquiry,1,14.0,salaried,male,3,1.0,basic,3.0,married,3.0,1,3,1,0.0,executive,17818.0,0,0.16300797,0
53.0,self enquiry,1,11.0,salaried,female,2,3.0,king,3.0,married,5.0,0,4,1,0.0,vp,34094.0,0,0.08842393,0
39.0,self enquiry,3,17.0,salaried,female,4,4.0,deluxe,3.0,married,3.0,0,4,0,3.0,manager,24021.0,0,0.08842393,0
38.0,self enquiry,1,29.0,salaried,male,2,3.0,deluxe,3.0,married,1.0,0,3,0,0.0,manager,20745.0,0,0.08842393,0
43.0,company invited,3,19.0,salaried,male,3,4.0,super deluxe,5.0,single,2.0,1,5,1,2.0,avp,32436.0,1,0.8747429,1
33.0,company invited,3,18.0,salaried,male,3,3.0,deluxe,3.0,divorced,2.0,0,3,1,2.0,manager,23385.0,1,0.08842393,0
26.0,company invited,1,11.0,small business,female,2,4.0,basic,3.0,divorced,2.0,1,2,0,1.0,executive,17366.0,1,0.60211223,1
48.0,self enquiry,3,8.0,small business,male,2,4.0,deluxe,4.0,single,1.0,1,1,1,0.0,manager,22898.0,1,0.5789046,0
28.0,company invited,3,6.0,large business,male,3,3.0,basic,3.0,divorced,4.0,0,3,1,0.0,executive,17909.0,1,0.31129405,0
36.0,self enquiry,1,16.0,small business,male,3,4.0,deluxe,3.0,single,3.0,0,4,0,2.0,manager,23776.0,0,0.08842393,0
24.0,self enquiry,1,16.0,small business,male,3,4.0,basic,5.0,divorced,3.0,0,3,0,2.0,executive,21178.0,0,0.15859452,0
42.0,self enquiry,1,6.0,salaried,female,2,4.0,deluxe,3.0,married,1.0,1,3,0,0.0,manager,21062.0,0,0.08842393,0
25.0,company invited,3,20.0,salaried,female,4,4.0,basic,4.0,divorced,3.0,0,1,0,1.0,executive,20711.0,0,0.10023406,0
33.0,company invited,1,6.0,salaried,female,2,1.0,deluxe,4.0,divorced,2.0,1,3,0,1.0,manager,20488.0,0,0.08842393,0
45.0,self enquiry,2,30.0,small business,male,2,3.0,basic,4.0,single,2.0,0,4,0,1.0,executive,17177.0,0,0.08842393,0
37.0,company invited,1,15.0,small business,male,2,3.0,basic,3.0,married,2.0,1,1,0,1.0,executive,17326.0,0,0.39869085,0
21.0,self enquiry,1,6.0,large business,female,3,4.0,basic,4.0,single,2.0,1,5,1,1.0,executive,17070.0,0,0.82758516,1
37.0,self enquiry,1,12.0,salaried,female,3,4.0,standard,5.0,married,6.0,0,4,1,2.0,senior manager,26686.0,0,0.08842393,0
38.0,company invited,1,17.0,small business,male,4,4.0,standard,3.0,married,8.0,0,3,1,3.0,senior manager,28726.0,1,0.08842393,0
58.0,self enquiry,1,8.0,large business,male,2,3.0,basic,3.0,single,5.0,0,2,1,1.0,executive,17479.0,1,0.08842393,0
41.0,company invited,1,16.0,salaried,male,4,5.0,deluxe,3.0,divorced,2.0,0,5,1,1.0,manager,23554.0,0,0.08842393,0
34.0,self enquiry,3,27.0,salaried,male,3,1.0,deluxe,3.0,single,2.0,0,3,0,0.0,manager,20337.0,0,0.08842393,0
52.0,self enquiry,3,28.0,small business,male,4,4.0,deluxe,3.0,single,2.0,1,5,1,2.0,manager,24119.0,0,0.3474361,0
27.0,self enquiry,1,32.0,salaried,male,3,6.0,basic,3.0,single,3.0,0,1,0,1.0,executive,20971.0,1,0.34210023,0
40.0,company invited,1,16.0,salaried,male,4,4.0,deluxe,4.0,single,2.0,0,1,1,1.0,manager,25460.0,0,0.08842393,0
29.0,self enquiry,1,23.0,small business,male,4,3.0,deluxe,5.0,single,2.0,0,5,0,3.0,manager,24339.0,0,0.08842393,0
34.0,company invited,1,7.0,salaried,female,3,2.0,deluxe,4.0,divorced,3.0,1,3,0,2.0,manager,24166.0,0,0.08842393,0
36.0,company invited,1,9.0,small business,female,3,4.0,deluxe,4.0,single,7.0,0,1,0,1.0,manager,23103.0,0,0.08842393,0
43.0,self enquiry,1,16.0,salaried,male,4,5.0,king,3.0,single,2.0,0,1,1,2.0,vp,38291.0,0,0.08842393,0
48.0,self enquiry,1,6.0,salaried,female,2,4.0,super deluxe,5.0,divorced,1.0,0,4,0,1.0,avp,30402.0,0,0.08842393,0
50.0,company invited,2,9.0,small business,male,3,3.0,king,4.0,married,2.0,0,1,1,2.0,vp,33200.0,0,0.08842393,0
50.0,self enquiry,1,12.0,large business,male,4,4.0,deluxe,3.0,divorced,4.0,0,3,0,1.0,manager,25329.0,0,0.08842393,0
41.0,company invited,1,28.0,salaried,female,3,3.0,deluxe,3.0,married,4.0,1,5,0,0.0,manager,20467.0,0,0.08842393,0
33.0,self enquiry,1,16.0,small business,female,3,4.0,basic,5.0,single,2.0,0,4,1,2.0,executive,22878.0,1,0.25943413,0
33.0,self enquiry,3,16.0,small business,male,2,1.0,standard,3.0,married,1.0,1,4,1,1.0,senior manager,23380.0,0,0.08842393,0
34.0,company invited,1,16.0,large business,male,3,4.0,deluxe,3.0,married,2.0,0,4,1,1.0,manager,20063.0,0,0.08842393,0
37.0,company invited,3,15.0,salaried,male,4,5.0,standard,5.0,single,3.0,0,1,0,1.0,senior manager,26265.0,0,0.092554934,0
47.0,self enquiry,1,14.0,small business,male,4,4.0,standard,3.0,married,8.0,0,1,1,2.0,senior manager,29523.0,0,0.08842393,0
42.0,self enquiry,1,6.0,salaried,female,2,4.0,deluxe,3.0,divorced,1.0,1,3,0,1.0,manager,21062.0,0,0.08842393,0
33.0,self enquiry,1,20.0,small business,male,2,3.0,basic,3.0,married,6.0,1,1,1,1.0,executive,17436.0,1,0.6855539,1
39.0,self enquiry,1,30.0,salaried,male,3,4.0,deluxe,3.0,married,2.0,0,3,0,2.0,manager,24423.0,0,0.08842393,0
54.0,self enquiry,1,28.0,small business,female,3,3.0,super deluxe,3.0,married,4.0,0,1,1,1.0,avp,32426.0,0,0.08842393,0
32.0,self enquiry,1,18.0,small business,male,4,4.0,deluxe,5.0,divorced,3.0,1,2,0,3.0,manager,25511.0,0,0.08842393,0
33.0,self enquiry,1,7.0,salaried,male,4,4.0,deluxe,4.0,married,3.0,0,3,1,1.0,manager,24898.0,0,0.08842393,0
33.0,company invited,1,10.0,salaried,female,3,4.0,basic,3.0,single,3.0,0,4,1,1.0,executive,24887.0,1,0.31279603,0
36.0,self enquiry,1,32.0,large business,male,4,5.0,standard,4.0,married,5.0,0,3,1,2.0,senior manager,29581.0,0,0.08842393,0
19.0,self enquiry,3,27.0,salaried,male,2,4.0,basic,4.0,single,2.0,1,2,0,1.0,executive,17121.0,1,0.9544437,1
36.0,self enquiry,3,7.0,small business,male,3,5.0,deluxe,5.0,single,2.0,0,2,0,2.0,manager,22990.0,0,0.15837263,0
32.0,self enquiry,1,33.0,salaried,male,3,4.0,basic,3.0,married,3.0,0,3,1,2.0,executive,21589.0,0,0.08842393,0
30.0,company invited,3,28.0,salaried,female,3,3.0,standard,5.0,divorced,1.0,0,2,1,0.0,senior manager,23412.0,0,0.08842393,0
44.0,company invited,3,22.0,salaried,male,3,5.0,deluxe,3.0,married,5.0,0,5,1,1.0,manager,25482.0,0,0.08842393,0
20.0,self enquiry,3,8.0,small business,female,2,4.0,basic,3.0,single,2.0,0,4,0,1.0,executive,17044.0,1,0.6623968,1
52.0,company invited,1,15.0,salaried,male,3,6.0,standard,3.0,single,4.0,0,1,1,1.0,senior manager,29328.0,1,0.08842393,0
46.0,self enquiry,3,16.0,small business,female,3,4.0,standard,3.0,divorced,3.0,1,2,1,1.0,senior manager,24071.0,0,0.08842393,0
30.0,self enquiry,1,16.0,salaried,male,4,2.0,basic,3.0,married,8.0,0,5,1,1.0,executive,21129.0,0,0.08842393,0
35.0,company invited,3,11.0,small business,female,4,4.0,deluxe,3.0,divorced,2.0,0,2,1,1.0,manager,25216.0,0,0.08842393,0
56.0,company invited,1,9.0,salaried,male,4,4.0,standard,4.0,divorced,5.0,0,2,1,2.0,senior manager,29654.0,0,0.08842393,0
30.0,self enquiry,1,8.0,salaried,male,3,3.0,basic,4.0,single,2.0,0,3,0,0.0,executive,26916.0,1,0.4358527,0
39.0,company invited,1,5.0,small business,male,2,4.0,king,3.0,divorced,2.0,0,5,1,1.0,vp,34272.0,0,0.08842393,0
42.0,self enquiry,3,7.0,salaried,female,4,4.0,deluxe,3.0,single,2.0,1,2,1,1.0,manager,24671.0,1,0.29380956,0
27.0,self enquiry,1,31.0,large business,male,4,6.0,basic,3.0,single,3.0,1,3,0,2.0,executive,21018.0,1,0.9386103,1
35.0,company invited,1,10.0,salaried,male,3,4.0,deluxe,3.0,single,2.0,0,1,1,1.0,manager,26434.0,0,0.08842393,0
35.0,self enquiry,1,11.0,large business,male,3,3.0,standard,4.0,single,1.0,0,3,1,1.0,senior manager,23095.0,0,0.08842393,0
45.0,company invited,1,8.0,small business,male,3,4.0,super deluxe,3.0,married,1.0,0,4,1,2.0,avp,31792.0,0,0.08842393,0
37.0,self enquiry,3,8.0,small business,male,3,3.0,deluxe,3.0,divorced,5.0,1,3,0,1.0,manager,24602.0,0,0.08842393,0
28.0,self enquiry,3,9.0,small business,male,3,4.0,basic,5.0,married,2.0,0,5,1,2.0,executive,21719.0,1,0.20294961,0
28.0,self enquiry,1,18.0,salaried,male,4,4.0,basic,5.0,divorced,2.0,0,5,1,3.0,executive,20777.0,0,0.08842393,0
36.0,self enquiry,1,8.0,salaried,female,3,3.0,basic,3.0,married,5.0,0,5,1,0.0,executive,17543.0,0,0.08842393,0
40.0,self enquiry,3,11.0,salaried,female,3,5.0,deluxe,3.0,divorced,6.0,0,5,1,1.0,manager,24580.0,0,0.08842393,0
19.0,company invited,3,6.0,large business,female,3,5.0,basic,5.0,single,1.0,0,3,1,0.0,executive,17325.0,1,0.89403474,1
46.0,self enquiry,3,8.0,small business,female,2,3.0,king,5.0,single,4.0,0,1,1,1.0,vp,33947.0,0,0.08842393,0
22.0,self enquiry,1,25.0,small business,male,3,3.0,basic,3.0,married,2.0,0,1,1,0.0,executive,17323.0,0,0.08842393,0
40.0,self enquiry,1,8.0,small business,male,3,3.0,basic,3.0,married,3.0,0,1,0,0.0,executive,17345.0,0,0.08842393,0
36.0,self enquiry,1,14.0,salaried,male,3,4.0,standard,3.0,single,5.0,0,3,0,1.0,senior manager,28899.0,0,0.08842393,0
39.0,self enquiry,1,6.0,small business,male,2,1.0,standard,3.0,married,1.0,0,3,1,0.0,senior manager,24613.0,0,0.08842393,0
37.0,self enquiry,1,16.0,salaried,female,2,1.0,standard,3.0,married,2.0,1,1,0,1.0,senior manager,28744.0,0,0.08842393,0
43.0,company invited,1,33.0,small business,female,3,4.0,standard,5.0,divorced,5.0,1,3,0,2.0,senior manager,31869.0,0,0.08842393,0
37.0,company invited,1,15.0,salaried,female,4,2.0,standard,5.0,married,2.0,0,3,0,2.0,senior manager,30391.0,0,0.08842393,0
40.0,self enquiry,3,31.0,small business,female,3,5.0,super deluxe,3.0,married,2.0,0,1,1,2.0,avp,30709.0,0,0.08842393,0
32.0,self enquiry,3,16.0,small business,male,2,3.0,deluxe,3.0,single,2.0,0,4,1,1.0,manager,20396.0,0,0.08842393,0
40.0,company invited,1,6.0,salaried,male,3,4.0,super deluxe,4.0,divorced,2.0,0,2,1,2.0,avp,28503.0,0,0.08842393,0
29.0,company invited,3,26.0,large business,female,2,3.0,basic,3.0,divorced,2.0,0,3,0,1.0,executive,17157.0,0,0.2609342,0
55.0,self enquiry,1,20.0,small business,male,3,2.0,king,4.0,single,1.0,0,2,0,2.0,vp,33722.0,0,0.08842393,0
35.0,self enquiry,1,33.0,small business,female,2,4.0,basic,5.0,single,2.0,0,4,1,1.0,executive,17559.0,0,0.33635685,0
36.0,self enquiry,1,32.0,salaried,male,3,5.0,deluxe,3.0,single,6.0,0,1,1,1.0,manager,22359.0,0,0.08842393,0
49.0,self enquiry,3,17.0,small business,female,2,3.0,standard,3.0,divorced,2.0,0,4,0,1.0,senior manager,22654.0,1,0.08842393,0
30.0,self enquiry,1,6.0,salaried,male,2,4.0,deluxe,3.0,divorced,2.0,1,2,1,1.0,manager,20126.0,0,0.08842393,0
34.0,self enquiry,3,23.0,small business,female,4,4.0,deluxe,5.0,single,7.0,0,3,1,1.0,manager,24002.0,1,0.23864006,0
20.0,self enquiry,3,27.0,small business,male,2,1.0,basic,3.0,single,2.0,0,3,1,1.0,executive,17678.0,0,0.08842393,0
30.0,self enquiry,1,11.0,large business,female,2,3.0,basic,5.0,married,6.0,0,5,1,1.0,executive,18204.0,0,0.08842393,0
55.0,self enquiry,3,15.0,small business,female,2,5.0,basic,4.0,single,2.0,0,1,1,1.0,executive,34187.0,1,0.76188403,1
45.0,company invited,2,7.0,salaried,male,3,4.0,deluxe,3.0,married,6.0,1,5,1,2.0,manager,24421.0,0,0.12786835,0
34.0,self enquiry,3,19.0,small business,male,2,3.0,standard,3.0,married,2.0,0,1,1,1.0,senior manager,23628.0,0,0.08842393,0
35.0,self enquiry,3,24.0,small business,male,3,3.0,deluxe,5.0,married,1.0,0,3,0,0.0,manager,17144.0,0,0.08842393,0
46.0,self enquiry,1,27.0,small business,male,4,4.0,super deluxe,3.0,divorced,2.0,1,3,0,1.0,avp,32174.0,0,0.08842393,0
46.0,self enquiry,1,13.0,small business,male,3,3.0,standard,3.0,married,7.0,0,2,0,2.0,senior manager,25845.0,0,0.08842393,0
33.0,company invited,1,7.0,salaried,male,4,4.0,basic,3.0,married,2.0,0,5,1,1.0,executive,20992.0,0,0.08842393,0
27.0,self enquiry,1,10.0,salaried,female,3,4.0,basic,3.0,married,3.0,0,3,1,2.0,executive,20739.0,0,0.08842393,0
24.0,self enquiry,1,29.0,small business,male,2,1.0,basic,3.0,married,2.0,1,4,0,0.0,executive,17725.0,0,0.23433511,0
28.0,self enquiry,1,14.0,salaried,female,2,4.0,basic,4.0,single,2.0,0,4,0,1.0,executive,17154.0,1,0.3110876,0
36.0,self enquiry,1,12.0,salaried,male,2,5.0,basic,3.0,married,2.0,0,1,1,0.0,executive,17741.0,0,0.08842393,0
41.0,self enquiry,1,9.0,small business,female,4,5.0,deluxe,3.0,divorced,8.0,0,5,1,1.0,manager,22126.0,0,0.08842393,0
35.0,self enquiry,3,21.0,large business,female,3,4.0,basic,3.0,married,3.0,1,5,1,2.0,executive,21257.0,0,0.5099374,0
27.0,company invited,1,11.0,salaried,female,2,3.0,basic,3.0,single,1.0,1,1,1,1.0,executive,17379.0,0,0.36467633,0
37.0,self enquiry,1,33.0,salaried,male,4,4.0,deluxe,3.0,married,8.0,0,3,1,1.0,manager,24025.0,0,0.08842393,0
41.0,self enquiry,1,15.0,salaried,male,3,3.0,basic,5.0,married,2.0,0,5,1,1.0,executive,17289.0,0,0.08842393,0
46.0,company invited,1,7.0,salaried,male,4,5.0,standard,3.0,married,5.0,0,1,1,3.0,senior manager,29426.0,0,0.08842393,0
49.0,self enquiry,3,17.0,small business,female,2,3.0,standard,3.0,married,2.0,0,4,0,0.0,senior manager,22654.0,1,0.08842393,0
38.0,self enquiry,1,17.0,small business,female,4,4.0,basic,4.0,married,3.0,0,1,1,1.0,executive,22614.0,0,0.08842393,0
45.0,self enquiry,1,9.0,salaried,female,4,2.0,basic,3.0,married,3.0,0,4,1,3.0,executive,20689.0,0,0.08842393,0
32.0,self enquiry,1,8.0,small business,male,2,3.0,deluxe,4.0,married,1.0,0,4,0,1.0,manager,20470.0,0,0.08842393,0
25.0,self enquiry,3,17.0,small business,female,4,4.0,deluxe,3.0,married,3.0,1,1,0,1.0,manager,22938.0,0,0.08842393,0
31.0,self enquiry,3,36.0,salaried,male,4,4.0,deluxe,5.0,married,2.0,0,2,1,2.0,manager,22793.0,0,0.08842393,0
33.0,self enquiry,1,20.0,small business,female,3,3.0,basic,4.0,married,2.0,0,5,1,1.0,executive,17756.0,0,0.08842393,0
31.0,company invited,3,32.0,large business,female,3,4.0,deluxe,3.0,married,2.0,1,3,1,2.0,manager,23414.0,0,0.36772367,0
42.0,company invited,1,8.0,small business,male,2,3.0,basic,3.0,single,6.0,1,1,1,1.0,executive,17515.0,0,0.46881688,0
40.0,company invited,1,11.0,small business,female,3,4.0,deluxe,3.0,single,2.0,0,3,1,1.0,manager,23720.0,0,0.08842393,0
25.0,company invited,1,18.0,salaried,female,4,2.0,deluxe,3.0,married,2.0,0,5,0,2.0,manager,22689.0,0,0.08842393,0
37.0,company invited,3,14.0,small business,female,3,2.0,deluxe,5.0,divorced,4.0,0,1,1,1.0,manager,23317.0,0,0.08842393,0
44.0,self enquiry,1,15.0,salaried,male,3,3.0,basic,5.0,divorced,2.0,1,3,1,0.0,executive,17559.0,0,0.24055003,0
38.0,self enquiry,2,6.0,salaried,male,2,1.0,basic,3.0,divorced,2.0,0,4,1,0.0,executive,17844.0,0,0.08842393,0
43.0,self enquiry,1,9.0,small business,male,4,5.0,basic,4.0,married,6.0,0,1,1,3.0,executive,23519.0,0,0.08842393,0
50.0,self enquiry,1,27.0,small business,female,4,4.0,deluxe,5.0,married,3.0,0,1,1,1.0,manager,25245.0,0,0.08842393,0
42.0,self enquiry,3,6.0,salaried,male,2,3.0,deluxe,3.0,divorced,2.0,0,3,1,0.0,manager,19907.0,0,0.08842393,0
27.0,self enquiry,1,15.0,small business,female,2,3.0,basic,4.0,single,2.0,0,3,1,0.0,executive,17279.0,0,0.098645315,0
38.0,company invited,1,9.0,salaried,male,4,5.0,deluxe,3.0,married,7.0,0,2,0,2.0,manager,23841.0,0,0.08842393,0
33.0,self enquiry,3,13.0,small business,male,3,4.0,deluxe,3.0,single,3.0,0,5,1,1.0,manager,23688.0,0,0.08842393,0
41.0,company invited,1,9.0,small business,female,3,2.0,deluxe,4.0,married,3.0,0,3,0,1.0,manager,22922.0,0,0.08842393,0
60.0,self enquiry,1,13.0,salaried,female,2,3.0,king,5.0,divorced,6.0,0,5,0,0.0,vp,34566.0,0,0.08842393,0
33.0,self enquiry,1,20.0,small business,female,3,3.0,basic,4.0,divorced,2.0,0,5,0,0.0,executive,17756.0,0,0.08842393,0
52.0,company invited,1,7.0,small business,female,2,5.0,standard,5.0,single,5.0,0,2,1,1.0,senior manager,26162.0,0,0.08842393,0
46.0,self enquiry,1,6.0,small business,male,3,3.0,standard,5.0,married,1.0,0,2,0,0.0,senior manager,24396.0,0,0.08842393,0
42.0,company invited,1,25.0,small business,male,2,1.0,basic,3.0,married,7.0,1,3,0,0.0,executive,17759.0,1,0.28143132,0
39.0,self enquiry,3,16.0,small business,male,4,5.0,basic,4.0,divorced,2.0,0,4,0,1.0,executive,21577.0,0,0.08842393,0
19.0,company invited,3,12.0,small business,male,4,4.0,basic,4.0,single,3.0,1,4,1,1.0,executive,20556.0,1,0.9590601,1
41.0,company invited,3,9.0,small business,male,4,4.0,deluxe,4.0,married,7.0,0,4,1,2.0,manager,23005.0,0,0.08842393,0
29.0,self enquiry,3,16.0,small business,female,2,4.0,deluxe,4.0,married,2.0,1,5,0,1.0,manager,23268.0,0,0.2076322,0
35.0,self enquiry,1,24.0,salaried,male,2,1.0,deluxe,5.0,married,2.0,0,3,0,1.0,manager,20208.0,0,0.08842393,0
32.0,self enquiry,3,14.0,small business,male,4,4.0,deluxe,3.0,married,6.0,0,1,0,1.0,manager,26225.0,0,0.08842393,0
29.0,company invited,1,20.0,salaried,female,2,3.0,standard,3.0,single,1.0,1,5,1,0.0,senior manager,22553.0,1,0.3783683,0
24.0,self enquiry,3,6.0,large business,female,3,3.0,basic,4.0,single,2.0,1,4,1,2.0,executive,18202.0,1,0.84111196,1
40.0,company invited,3,34.0,salaried,male,2,5.0,standard,5.0,married,4.0,0,5,0,1.0,senior manager,25932.0,0,0.08842393,0
29.0,self enquiry,1,19.0,salaried,female,4,4.0,basic,3.0,divorced,3.0,1,4,1,1.0,executive,21193.0,1,0.12682492,0
36.0,self enquiry,3,25.0,small business,male,4,4.0,deluxe,5.0,married,2.0,0,3,0,1.0,manager,20822.0,0,0.08842393,0
44.0,self enquiry,1,13.0,small business,female,2,3.0,king,3.0,married,1.0,1,4,1,1.0,vp,34049.0,0,0.08842393,0
46.0,self enquiry,3,8.0,small business,female,3,3.0,super deluxe,5.0,divorced,1.0,0,2,1,0.0,avp,32048.0,0,0.08842393,0
44.0,self enquiry,1,9.0,small business,female,4,2.0,basic,3.0,married,3.0,0,1,1,3.0,executive,21323.0,0,0.08842393,0
29.0,company invited,1,8.0,salaried,female,3,3.0,basic,4.0,divorced,1.0,0,5,0,2.0,executive,18180.0,0,0.08842393,0
32.0,self enquiry,1,7.0,salaried,male,4,5.0,basic,5.0,married,3.0,0,4,1,2.0,executive,20896.0,0,0.08842393,0
58.0,self enquiry,1,8.0,large business,male,2,3.0,basic,3.0,single,5.0,0,1,0,0.0,executive,17479.0,1,0.08842393,0
20.0,self enquiry,1,6.0,salaried,female,2,4.0,basic,4.0,single,2.0,0,4,0,1.0,executive,17836.0,0,0.31651652,0
35.0,company invited,1,17.0,small business,male,3,4.0,standard,5.0,married,3.0,1,5,1,2.0,senior manager,24884.0,0,0.19995813,0
35.0,self enquiry,3,9.0,salaried,male,3,4.0,deluxe,3.0,single,3.0,0,5,0,2.0,manager,24952.0,0,0.08842393,0
28.0,self enquiry,1,13.0,salaried,male,3,5.0,basic,3.0,divorced,3.0,0,2,1,2.0,executive,21217.0,0,0.08842393,0
23.0,self enquiry,1,7.0,salaried,male,3,5.0,deluxe,3.0,divorced,8.0,0,2,1,1.0,manager,23453.0,0,0.08842393,0
38.0,self enquiry,1,17.0,salaried,male,3,4.0,deluxe,4.0,single,4.0,1,5,0,2.0,manager,22875.0,0,0.2641766,0
44.0,self enquiry,2,6.0,small business,male,3,4.0,standard,5.0,married,1.0,0,4,1,0.0,senior manager,25482.0,1,0.08842393,0
40.0,company invited,1,32.0,salaried,male,4,4.0,standard,3.0,divorced,5.0,0,1,0,1.0,senior manager,29598.0,0,0.08842393,0
57.0,self enquiry,1,21.0,salaried,female,4,4.0,basic,4.0,married,2.0,1,5,1,1.0,executive,23641.0,1,0.09669852,0
37.0,self enquiry,1,6.0,salaried,male,2,4.0,deluxe,3.0,married,2.0,0,5,1,1.0,manager,20993.0,0,0.08842393,0
20.0,self enquiry,3,29.0,small business,male,3,4.0,basic,3.0,single,3.0,1,1,1,1.0,executive,20353.0,1,0.94232434,1
39.0,company invited,1,13.0,small business,female,4,6.0,deluxe,3.0,married,2.0,1,1,0,3.0,manager,24007.0,0,0.08842393,0
23.0,self enquiry,1,13.0,small business,male,4,4.0,basic,3.0,married,2.0,0,1,1,2.0,executive,21451.0,0,0.08842393,0
32.0,self enquiry,3,8.0,small business,male,2,4.0,deluxe,4.0,single,1.0,1,1,1,0.0,manager,24907.0,1,0.60406506,1
46.0,self enquiry,1,8.0,salaried,male,2,3.0,super deluxe,3.0,married,7.0,0,5,1,0.0,avp,32861.0,0,0.08842393,0
40.0,self enquiry,1,6.0,salaried,female,2,3.0,deluxe,3.0,married,5.0,0,3,0,1.0,manager,21513.0,0,0.08842393,0
31.0,company invited,3,19.0,salaried,male,4,5.0,basic,5.0,married,3.0,0,5,1,3.0,executive,20711.0,1,0.5903338,0
37.0,self enquiry,2,20.0,salaried,male,3,4.0,basic,4.0,married,6.0,0,3,1,2.0,executive,20821.0,0,0.18316534,0
36.0,self enquiry,1,18.0,small business,male,3,4.0,basic,3.0,married,2.0,1,5,0,1.0,executive,21338.0,0,0.2122271,0
43.0,company invited,3,32.0,salaried,male,3,3.0,super deluxe,3.0,divorced,2.0,1,2,0,0.0,avp,31959.0,0,0.08842393,0
34.0,self enquiry,3,16.0,salaried,female,2,3.0,basic,3.0,divorced,2.0,1,2,0,1.0,executive,17220.0,0,0.3177065,0
39.0,company invited,2,9.0,salaried,male,4,4.0,basic,4.0,married,7.0,0,3,1,3.0,executive,21270.0,0,0.27102974,0
42.0,company invited,1,9.0,salaried,female,4,5.0,deluxe,3.0,single,4.0,1,2,0,1.0,manager,25489.0,0,0.08842393,0
46.0,self enquiry,1,27.0,small business,male,4,4.0,super deluxe,3.0,married,2.0,1,3,1,2.0,avp,32174.0,0,0.08842393,0
46.0,self enquiry,1,8.0,small business,male,2,3.0,king,3.0,married,1.0,1,1,1,1.0,vp,34328.0,0,0.08842393,0
60.0,company invited,3,34.0,small business,female,3,4.0,standard,5.0,married,5.0,0,1,1,0.0,senior manager,25266.0,0,0.08842393,0
46.0,self enquiry,1,21.0,salaried,male,2,3.0,king,4.0,married,6.0,0,3,1,1.0,vp,34081.0,0,0.08842393,0
25.0,company invited,1,11.0,salaried,male,3,5.0,basic,3.0,divorced,2.0,0,3,0,1.0,executive,21840.0,0,0.08842393,0
28.0,company invited,1,22.0,small business,male,2,3.0,basic,3.0,single,2.0,0,3,0,0.0,executive,17144.0,0,0.089009106,0
35.0,self enquiry,3,9.0,salaried,male,3,4.0,deluxe,3.0,single,3.0,0,5,0,1.0,manager,24952.0,0,0.08842393,0
30.0,self enquiry,1,35.0,salaried,female,4,4.0,basic,3.0,married,6.0,0,5,0,2.0,executive,21192.0,0,0.08842393,0
43.0,company invited,1,33.0,salaried,female,2,3.0,standard,5.0,married,1.0,0,4,1,0.0,senior manager,25820.0,0,0.08842393,0
34.0,self enquiry,3,15.0,salaried,female,3,3.0,deluxe,3.0,married,2.0,0,1,0,0.0,manager,20714.0,0,0.08842393,0
41.0,self enquiry,3,12.0,salaried,female,3,3.0,standard,3.0,single,4.0,1,1,0,0.0,senior manager,28591.0,0,0.16707233,0
36.0,company invited,1,25.0,salaried,male,4,4.0,deluxe,3.0,married,3.0,1,3,1,1.0,manager,24367.0,0,0.08842393,0
28.0,company invited,3,10.0,small business,female,4,2.0,deluxe,3.0,married,3.0,1,1,1,1.0,manager,23325.0,0,0.08842393,0
53.0,self enquiry,1,30.0,small business,male,2,1.0,standard,3.0,married,4.0,0,3,0,1.0,senior manager,22005.0,0,0.08842393,0
39.0,self enquiry,3,23.0,salaried,female,3,4.0,deluxe,4.0,single,4.0,0,1,0,1.0,manager,22876.0,0,0.08842393,0
40.0,self enquiry,3,9.0,salaried,male,3,2.0,standard,3.0,single,2.0,0,1,0,1.0,senior manager,26558.0,0,0.08842393,0
52.0,self enquiry,1,10.0,large business,female,3,4.0,standard,3.0,married,4.0,0,4,1,2.0,senior manager,31794.0,0,0.08842393,0
24.0,self enquiry,1,7.0,salaried,male,3,4.0,basic,3.0,divorced,3.0,0,4,0,2.0,executive,19901.0,0,0.08842393,0
56.0,company invited,3,12.0,salaried,female,2,1.0,super deluxe,5.0,married,1.0,0,3,1,0.0,avp,28212.0,0,0.08842393,0
37.0,self enquiry,2,20.0,salaried,male,3,5.0,basic,5.0,married,6.0,1,5,1,2.0,executive,23317.0,1,0.7374832,1
34.0,company invited,1,7.0,small business,male,3,4.0,deluxe,5.0,single,1.0,0,1,0,0.0,manager,20343.0,0,0.08842393,0
36.0,self enquiry,3,10.0,salaried,male,4,4.0,standard,3.0,married,8.0,0,5,0,2.0,senior manager,26501.0,0,0.08842393,0
29.0,self enquiry,1,24.0,small business,male,4,4.0,deluxe,5.0,married,3.0,0,2,0,1.0,manager,23236.0,0,0.08842393,0
44.0,self enquiry,1,34.0,large business,male,3,2.0,basic,4.0,married,7.0,0,5,1,2.0,executive,23554.0,0,0.08842393,0
41.0,company invited,1,16.0,small business,male,3,4.0,basic,4.0,married,2.0,1,4,0,2.0,executive,22295.0,0,0.6750716,1
41.0,self enquiry,1,8.0,salaried,female,2,5.0,basic,3.0,married,5.0,1,3,0,0.0,executive,17778.0,1,0.40344134,0
56.0,self enquiry,1,15.0,small business,female,3,4.0,super deluxe,3.0,married,4.0,1,3,0,2.0,avp,33434.0,0,0.08842393,0
24.0,self enquiry,1,27.0,large business,male,2,4.0,basic,5.0,married,1.0,0,3,0,0.0,executive,17296.0,0,0.40804332,0
49.0,self enquiry,1,13.0,salaried,male,2,4.0,standard,3.0,single,1.0,0,2,1,1.0,senior manager,25965.0,0,0.08842393,0
40.0,self enquiry,1,25.0,salaried,male,3,4.0,deluxe,3.0,single,2.0,0,3,0,1.0,manager,23212.0,0,0.08842393,0
34.0,company invited,1,13.0,salaried,male,2,4.0,deluxe,3.0,married,5.0,0,5,1,1.0,manager,26403.0,0,0.08842393,0
34.0,self enquiry,1,6.0,salaried,male,2,3.0,basic,3.0,divorced,2.0,0,3,1,0.0,executive,17691.0,0,0.08842393,0
36.0,company invited,3,17.0,large business,female,3,3.0,standard,3.0,married,1.0,0,5,0,2.0,senior manager,24738.0,0,0.08842393,0
50.0,company invited,1,25.0,salaried,male,4,4.0,deluxe,3.0,married,3.0,1,1,0,1.0,manager,25482.0,0,0.08842393,0
31.0,self enquiry,1,14.0,small business,male,3,5.0,basic,4.0,married,3.0,0,5,0,1.0,executive,20819.0,0,0.08842393,0
33.0,self enquiry,3,7.0,salaried,male,3,6.0,deluxe,4.0,single,8.0,0,3,0,2.0,manager,25413.0,1,0.31410527,0
32.0,self enquiry,3,36.0,small business,female,4,5.0,deluxe,3.0,married,3.0,0,3,1,1.0,manager,24146.0,0,0.08842393,0
27.0,company invited,3,26.0,salaried,female,2,3.0,deluxe,3.0,single,2.0,0,1,1,1.0,manager,24981.0,0,0.08842393,0
27.0,self enquiry,1,22.0,large business,female,2,3.0,basic,4.0,divorced,1.0,0,2,1,0.0,executive,17811.0,0,0.124383114,0
49.0,self enquiry,1,6.0,large business,female,2,4.0,super deluxe,3.0,single,1.0,1,3,1,0.0,avp,28964.0,0,0.08842393,0
57.0,company invited,3,13.0,salaried,female,3,2.0,super deluxe,5.0,married,2.0,0,3,1,1.0,avp,31890.0,0,0.08842393,0
22.0,self enquiry,1,14.0,salaried,male,3,5.0,basic,5.0,divorced,2.0,0,2,1,0.0,executive,17451.0,0,0.27701288,0
25.0,company invited,3,31.0,small business,male,3,4.0,basic,3.0,divorced,2.0,0,4,0,2.0,executive,21078.0,0,0.09611472,0
27.0,self enquiry,1,9.0,small business,male,3,2.0,deluxe,3.0,divorced,3.0,0,3,1,2.0,manager,24150.0,0,0.08842393,0
33.0,self enquiry,1,9.0,small business,female,4,4.0,basic,4.0,divorced,3.0,0,4,0,1.0,executive,21048.0,0,0.08842393,0
39.0,self enquiry,1,9.0,small business,male,3,4.0,deluxe,4.0,married,6.0,0,4,0,1.0,manager,23533.0,1,0.08842393,0
38.0,self enquiry,1,6.0,salaried,female,2,1.0,deluxe,3.0,single,1.0,0,1,0,0.0,manager,22625.0,0,0.08842393,0
34.0,self enquiry,3,20.0,large business,female,2,3.0,basic,3.0,married,2.0,1,5,1,0.0,executive,17579.0,0,0.3990149,0
33.0,self enquiry,1,32.0,salaried,male,3,4.0,basic,3.0,single,3.0,1,5,1,1.0,executive,21473.0,1,0.756226,1
44.0,self enquiry,1,34.0,salaried,male,2,3.0,super deluxe,5.0,divorced,4.0,0,1,1,0.0,avp,31328.0,0,0.08842393,0
29.0,self enquiry,1,23.0,small business,male,4,2.0,deluxe,5.0,single,2.0,0,5,0,2.0,manager,24339.0,0,0.08842393,0
31.0,self enquiry,3,8.0,salaried,male,3,3.0,deluxe,3.0,single,5.0,1,5,1,1.0,manager,21582.0,0,0.48476148,0
41.0,self enquiry,2,6.0,salaried,male,2,4.0,king,3.0,divorced,2.0,0,2,1,1.0,vp,34189.0,0,0.08842393,0
61.0,company invited,3,35.0,small business,female,4,5.0,standard,5.0,divorced,6.0,0,2,1,1.0,senior manager,28944.0,0,0.08842393,0
52.0,self enquiry,1,13.0,salaried,male,2,3.0,standard,4.0,single,1.0,0,3,1,1.0,senior manager,25445.0,0,0.08842393,0
46.0,self enquiry,3,15.0,small business,male,2,3.0,standard,3.0,married,5.0,0,3,0,1.0,senior manager,25096.0,1,0.08842393,0
52.0,self enquiry,3,34.0,salaried,male,3,4.0,deluxe,3.0,single,3.0,1,5,1,2.0,manager,32704.0,1,0.80950385,1
31.0,self enquiry,3,8.0,salaried,male,2,3.0,basic,3.0,married,1.0,0,4,1,0.0,executive,18067.0,0,0.08842393,0
37.0,self enquiry,1,6.0,large business,female,2,3.0,standard,3.0,single,5.0,0,5,1,1.0,senior manager,22491.0,0,0.08842393,0
25.0,self enquiry,3,32.0,small business,female,2,3.0,deluxe,3.0,single,2.0,0,4,0,0.0,manager,21180.0,0,0.08842393,0
44.0,company invited,1,28.0,small business,male,4,4.0,basic,3.0,married,2.0,0,4,1,3.0,executive,20936.0,0,0.08842393,0
30.0,company invited,3,9.0,salaried,male,4,4.0,deluxe,3.0,divorced,3.0,0,2,1,2.0,manager,23327.0,0,0.08842393,0
33.0,company invited,1,9.0,salaried,female,2,3.0,basic,3.0,married,2.0,1,1,1,1.0,executive,17909.0,0,0.12669313,0
43.0,company invited,1,26.0,small business,male,3,2.0,basic,3.0,married,8.0,1,3,0,1.0,executive,21437.0,1,0.32128128,0
30.0,self enquiry,1,22.0,salaried,male,2,3.0,basic,3.0,married,2.0,0,1,0,0.0,executive,17862.0,0,0.08842393,0
19.0,company invited,1,21.0,small business,female,3,4.0,basic,3.0,single,3.0,0,5,1,1.0,executive,20192.0,0,0.4462602,0
28.0,company invited,1,15.0,salaried,male,3,6.0,basic,3.0,divorced,3.0,0,2,1,2.0,executive,23299.0,0,0.08842393,0
37.0,company invited,3,27.0,small business,female,2,3.0,basic,3.0,divorced,6.0,0,2,1,1.0,executive,17973.0,0,0.08842393,0
42.0,self enquiry,1,13.0,small business,male,3,4.0,basic,5.0,single,4.0,1,4,1,2.0,executive,23399.0,0,0.77232695,1
56.0,self enquiry,1,15.0,small business,male,2,3.0,super deluxe,3.0,divorced,1.0,0,4,0,0.0,avp,26103.0,0,0.08842393,0
42.0,self enquiry,3,11.0,small business,male,2,3.0,king,3.0,married,7.0,0,4,0,1.0,vp,33303.0,0,0.08842393,0
31.0,self enquiry,3,13.0,large business,male,3,2.0,deluxe,3.0,divorced,5.0,0,2,1,0.0,manager,21929.0,0,0.08842393,0
27.0,self enquiry,1,12.0,salaried,male,2,4.0,basic,3.0,divorced,2.0,0,2,1,1.0,executive,17539.0,0,0.08842393,0
45.0,self enquiry,2,7.0,small business,male,4,5.0,standard,5.0,divorced,2.0,0,4,1,1.0,senior manager,29160.0,1,0.08842393,0
35.0,self enquiry,3,15.0,salaried,female,4,4.0,deluxe,5.0,married,7.0,0,1,1,3.0,manager,25178.0,0,0.08842393,0
42.0,company invited,3,17.0,salaried,male,3,4.0,deluxe,3.0,single,2.0,0,1,0,2.0,manager,24908.0,0,0.08842393,0
34.0,company invited,3,32.0,small business,female,3,4.0,deluxe,3.0,married,3.0,0,3,0,2.0,manager,23217.0,0,0.08842393,0
34.0,self enquiry,3,32.0,small business,male,3,5.0,standard,4.0,single,4.0,1,5,1,1.0,senior manager,27058.0,1,0.7264118,1
29.0,self enquiry,1,29.0,salaried,male,2,1.0,basic,3.0,married,2.0,0,1,1,1.0,executive,17700.0,0,0.08842393,0
44.0,self enquiry,3,11.0,small business,male,2,3.0,king,4.0,divorced,1.0,0,5,1,1.0,vp,33213.0,0,0.08842393,0
34.0,company invited,3,29.0,small business,male,4,4.0,deluxe,4.0,divorced,2.0,0,2,0,2.0,manager,24824.0,0,0.08842393,0
41.0,company invited,3,16.0,salaried,male,2,3.0,deluxe,3.0,single,1.0,0,1,0,1.0,manager,21230.0,0,0.08842393,0
31.0,company invited,3,33.0,small business,female,3,5.0,deluxe,5.0,single,7.0,0,1,1,2.0,manager,25374.0,1,0.8231496,1
34.0,self enquiry,1,12.0,salaried,female,4,5.0,basic,3.0,divorced,3.0,0,2,0,3.0,executive,21589.0,0,0.08842393,0
40.0,self enquiry,2,9.0,salaried,female,3,5.0,deluxe,3.0,divorced,2.0,0,3,0,1.0,manager,23882.0,0,0.08842393,0
45.0,company invited,3,15.0,salaried,female,3,4.0,deluxe,3.0,married,2.0,0,3,1,2.0,manager,20593.0,0,0.08842393,0
28.0,self enquiry,3,9.0,salaried,male,4,4.0,deluxe,3.0,single,3.0,1,4,1,3.0,manager,23156.0,0,0.49183118,0
21.0,self enquiry,3,16.0,salaried,male,3,4.0,basic,5.0,single,3.0,0,1,0,2.0,executive,21406.0,0,0.63389224,1
35.0,self enquiry,1,6.0,small business,male,1,4.0,basic,3.0,single,2.0,0,4,1,0.0,executive,17859.0,0,0.08842393,0
36.0,self enquiry,3,24.0,salaried,male,4,4.0,deluxe,5.0,divorced,5.0,1,3,1,2.0,manager,27644.0,0,0.3741626,0
54.0,self enquiry,1,11.0,small business,male,2,3.0,king,5.0,divorced,5.0,0,4,1,0.0,vp,34406.0,0,0.08842393,0
53.0,self enquiry,1,9.0,small business,male,2,3.0,super deluxe,3.0,divorced,4.0,1,5,0,0.0,avp,32584.0,0,0.08842393,0
29.0,self enquiry,1,31.0,small business,male,3,4.0,basic,4.0,married,3.0,1,1,0,1.0,executive,21086.0,1,0.6864809,1
33.0,self enquiry,1,32.0,salaried,male,3,4.0,basic,3.0,single,3.0,1,5,0,1.0,executive,21473.0,1,0.7539937,1
31.0,self enquiry,1,17.0,small business,male,3,3.0,deluxe,5.0,divorced,2.0,1,2,0,2.0,manager,21833.0,0,0.08842393,0
32.0,self enquiry,1,31.0,salaried,male,2,3.0,basic,3.0,single,2.0,1,5,0,0.0,executive,17795.0,1,0.7407382,1
31.0,company invited,1,11.0,small business,male,3,3.0,deluxe,5.0,single,1.0,0,1,0,2.0,manager,24936.0,0,0.08842393,0
46.0,self enquiry,3,9.0,large business,male,3,6.0,deluxe,3.0,single,2.0,0,5,1,2.0,manager,25310.0,0,0.08842393,0
26.0,company invited,1,9.0,large business,male,3,3.0,basic,5.0,single,1.0,0,3,0,1.0,executive,18102.0,1,0.49636036,0
24.0,self enquiry,3,6.0,large business,female,3,3.0,basic,4.0,single,2.0,1,4,0,0.0,executive,18202.0,1,0.83877283,1
40.0,self enquiry,1,22.0,salaried,female,2,3.0,standard,3.0,single,7.0,1,4,1,0.0,senior manager,22945.0,0,0.30288702,0
29.0,company invited,3,30.0,large business,male,2,1.0,basic,5.0,single,2.0,0,3,1,1.0,executive,16091.0,1,0.77388436,1
35.0,company invited,1,23.0,salaried,female,4,5.0,basic,3.0,single,3.0,0,5,1,3.0,executive,21231.0,0,0.1195804,0
23.0,self enquiry,1,26.0,small business,male,4,4.0,basic,3.0,divorced,3.0,0,2,0,2.0,executive,21001.0,0,0.08842393,0
29.0,company invited,1,31.0,large business,male,4,5.0,standard,5.0,single,3.0,0,1,1,2.0,senior manager,27400.0,1,0.11961728,0
33.0,self enquiry,3,14.0,salaried,male,2,3.0,deluxe,5.0,married,3.0,0,5,1,0.0,manager,21392.0,0,0.08842393,0
34.0,company invited,3,8.0,small business,female,3,3.0,basic,3.0,married,7.0,0,5,0,0.0,executive,17231.0,0,0.3209883,0
36.0,self enquiry,1,23.0,salaried,female,4,5.0,standard,4.0,single,3.0,0,1,1,3.0,senior manager,27284.0,0,0.08842393,0
33.0,self enquiry,3,14.0,small business,male,2,3.0,deluxe,3.0,married,1.0,0,2,1,1.0,manager,22104.0,0,0.08842393,0
29.0,self enquiry,1,8.0,salaried,male,3,3.0,basic,4.0,married,1.0,0,4,1,0.0,executive,17703.0,0,0.08842393,0
35.0,self enquiry,1,10.0,salaried,female,4,4.0,deluxe,4.0,married,3.0,0,5,1,3.0,manager,24111.0,0,0.08842393,0
33.0,self enquiry,1,15.0,small business,male,2,3.0,basic,3.0,married,1.0,0,1,0,1.0,executive,17781.0,0,0.08842393,0
58.0,company invited,1,8.0,salaried,male,2,4.0,basic,3.0,married,1.0,1,2,0,0.0,executive,17380.0,1,0.43735975,0
28.0,self enquiry,1,18.0,salaried,female,3,3.0,basic,3.0,married,2.0,1,4,1,1.0,executive,17515.0,1,0.117966324,0
40.0,self enquiry,1,6.0,salaried,male,2,3.0,basic,4.0,divorced,4.0,0,1,1,1.0,executive,17387.0,0,0.08842393,0
34.0,self enquiry,1,6.0,salaried,male,2,3.0,deluxe,3.0,married,1.0,0,4,1,0.0,manager,20484.0,0,0.08842393,0
30.0,company invited,1,9.0,small business,male,3,5.0,basic,5.0,single,2.0,0,4,1,2.0,executive,22017.0,1,0.62463874,1
39.0,company invited,1,10.0,salaried,male,3,4.0,basic,3.0,married,5.0,0,3,1,1.0,executive,21499.0,0,0.08842393,0
33.0,company invited,3,16.0,small business,male,3,6.0,deluxe,3.0,married,2.0,0,2,0,2.0,manager,23346.0,0,0.08842393,0
37.0,self enquiry,1,25.0,salaried,male,3,3.0,basic,4.0,married,5.0,0,4,0,1.0,executive,18022.0,0,0.08842393,0
30.0,company invited,3,18.0,salaried,male,3,4.0,basic,5.0,divorced,2.0,0,5,1,0.0,executive,17033.0,1,0.3958047,0
29.0,self enquiry,1,9.0,small business,male,3,4.0,basic,3.0,single,8.0,0,3,0,1.0,executive,23060.0,1,0.08842393,0
44.0,self enquiry,1,14.0,salaried,female,3,4.0,standard,5.0,divorced,2.0,0,5,1,1.0,senior manager,28663.0,0,0.08842393,0
35.0,self enquiry,1,15.0,salaried,female,3,4.0,deluxe,5.0,married,5.0,0,5,1,2.0,manager,23799.0,0,0.08842393,0
32.0,self enquiry,1,14.0,small business,female,3,4.0,deluxe,5.0,divorced,3.0,0,2,1,1.0,manager,22984.0,0,0.08842393,0
33.0,self enquiry,1,7.0,small business,male,3,4.0,deluxe,3.0,married,3.0,1,4,1,2.0,manager,24840.0,0,0.08842393,0
23.0,self enquiry,1,18.0,small business,female,3,4.0,basic,4.0,married,3.0,0,1,1,2.0,executive,20922.0,0,0.08842393,0
34.0,self enquiry,1,8.0,salaried,male,2,4.0,deluxe,5.0,married,7.0,0,4,0,1.0,manager,20957.0,0,0.08842393,0
54.0,self enquiry,1,6.0,small business,female,2,3.0,super deluxe,3.0,single,7.0,0,4,1,1.0,avp,32328.0,0,0.08842393,0
35.0,self enquiry,3,28.0,salaried,male,4,3.0,deluxe,3.0,single,3.0,0,3,1,1.0,manager,24015.0,0,0.08842393,0
35.0,self enquiry,1,13.0,salaried,female,3,4.0,deluxe,3.0,single,3.0,0,3,0,1.0,manager,23487.0,0,0.08842393,0
31.0,self enquiry,3,12.0,salaried,male,3,5.0,deluxe,3.0,married,5.0,1,3,0,2.0,manager,21172.0,1,0.4236514,0
38.0,self enquiry,1,12.0,small business,male,4,4.0,deluxe,3.0,married,2.0,0,3,1,3.0,manager,25025.0,0,0.08842393,0
47.0,self enquiry,1,25.0,small business,female,3,4.0,deluxe,3.0,married,4.0,0,5,1,2.0,manager,23488.0,0,0.08842393,0
31.0,self enquiry,3,11.0,small business,female,4,5.0,deluxe,4.0,married,3.0,1,3,1,2.0,manager,23887.0,0,0.0953809,0
37.0,company invited,3,25.0,small business,male,2,3.0,standard,4.0,single,2.0,1,5,0,0.0,senior manager,22642.0,0,0.683242,1
43.0,self enquiry,3,7.0,salaried,male,3,4.0,deluxe,3.0,divorced,3.0,0,3,1,1.0,manager,23585.0,0,0.08842393,0
47.0,company invited,3,15.0,salaried,male,2,5.0,super deluxe,3.0,married,1.0,0,5,1,1.0,avp,27936.0,1,0.08842393,0
47.0,company invited,3,10.0,small business,male,3,3.0,deluxe,3.0,single,4.0,0,4,0,2.0,manager,17976.0,0,0.08842393,0
43.0,company invited,3,21.0,salaried,male,2,4.0,deluxe,3.0,married,4.0,0,5,1,0.0,manager,21804.0,0,0.08842393,0
50.0,self enquiry,1,32.0,salaried,female,3,4.0,basic,5.0,married,3.0,0,3,0,1.0,executive,21889.0,0,0.15863307,0
37.0,self enquiry,1,11.0,small business,male,3,3.0,deluxe,3.0,married,1.0,0,3,1,2.0,manager,21347.0,0,0.08842393,0
32.0,company invited,1,9.0,salaried,female,2,3.0,basic,3.0,single,2.0,0,4,1,0.0,executive,21209.0,1,0.28041852,0
30.0,company invited,1,7.0,large business,male,3,4.0,deluxe,3.0,divorced,3.0,0,3,0,2.0,manager,22997.0,0,0.08842393,0
36.0,self enquiry,1,34.0,salaried,male,3,4.0,deluxe,3.0,married,4.0,0,5,0,2.0,manager,25561.0,0,0.08842393,0
55.0,self enquiry,2,26.0,small business,male,3,4.0,standard,4.0,married,4.0,0,3,1,2.0,senior manager,29403.0,0,0.08842393,0
54.0,self enquiry,1,14.0,salaried,male,3,3.0,super deluxe,3.0,divorced,5.0,0,2,0,1.0,avp,33492.0,0,0.08842393,0
26.0,self enquiry,1,26.0,small business,male,4,4.0,basic,3.0,divorced,5.0,0,5,1,3.0,executive,22347.0,0,0.08842393,0
35.0,self enquiry,1,12.0,small business,male,3,5.0,deluxe,3.0,married,3.0,0,4,1,2.0,manager,22664.0,0,0.08842393,0
34.0,company invited,1,7.0,salaried,female,4,4.0,standard,3.0,single,3.0,1,1,1,1.0,senior manager,32136.0,0,0.08842393,0
29.0,self enquiry,1,21.0,salaried,female,3,5.0,basic,3.0,divorced,1.0,1,5,1,0.0,executive,17168.0,0,0.2785564,0
37.0,self enquiry,2,16.0,large business,female,3,4.0,basic,3.0,married,3.0,0,1,1,1.0,executive,24088.0,1,0.18360528,0
37.0,self enquiry,1,14.0,salaried,male,4,4.0,basic,4.0,single,4.0,0,1,0,3.0,executive,20691.0,0,0.12274911,0
44.0,self enquiry,3,6.0,small business,female,3,3.0,deluxe,5.0,married,6.0,1,2,0,0.0,manager,20454.0,0,0.08842393,0
33.0,company invited,3,11.0,salaried,male,3,3.0,deluxe,3.0,divorced,7.0,0,1,1,2.0,manager,24998.0,0,0.08842393,0
43.0,company invited,3,33.0,small business,female,4,4.0,super deluxe,4.0,divorced,7.0,0,3,1,3.0,avp,32203.0,0,0.08842393,0
38.0,company invited,1,7.0,small business,female,4,4.0,standard,3.0,married,4.0,1,3,0,1.0,senior manager,32281.0,0,0.08842393,0
29.0,self enquiry,1,31.0,large business,female,3,4.0,basic,4.0,married,6.0,0,3,1,2.0,executive,17546.0,1,0.68421924,1
45.0,self enquiry,1,15.0,salaried,male,2,3.0,deluxe,4.0,married,1.0,0,4,1,0.0,manager,17348.0,0,0.08842393,0
30.0,self enquiry,3,17.0,salaried,male,3,4.0,basic,3.0,single,3.0,0,4,0,1.0,executive,21320.0,0,0.26939017,0
44.0,company invited,1,29.0,small business,male,3,3.0,deluxe,4.0,married,5.0,0,3,0,1.0,manager,17042.0,0,0.08842393,0
40.0,self enquiry,1,26.0,large business,male,3,3.0,standard,3.0,divorced,5.0,0,3,1,1.0,senior manager,25322.0,0,0.08842393,0
55.0,self enquiry,1,8.0,salaried,female,3,3.0,super deluxe,3.0,single,3.0,1,5,0,0.0,avp,31659.0,0,0.08842393,0
22.0,self enquiry,3,19.0,salaried,female,3,2.0,basic,4.0,single,3.0,0,5,0,2.0,executive,21394.0,1,0.538434,0
39.0,company invited,1,17.0,small business,male,4,4.0,basic,3.0,married,2.0,0,5,0,1.0,executive,21362.0,0,0.08842393,0
32.0,self enquiry,2,9.0,salaried,male,4,5.0,deluxe,5.0,married,5.0,0,3,0,3.0,manager,25088.0,0,0.08842393,0
37.0,self enquiry,1,8.0,free lancer,male,3,4.0,basic,3.0,single,7.0,1,3,0,0.0,executive,17090.0,1,0.82752836,1
39.0,self enquiry,1,10.0,large business,female,3,4.0,deluxe,3.0,single,5.0,1,5,0,1.0,manager,4678.0,0,0.83886975,1
22.0,company invited,3,7.0,large business,female,3,5.0,basic,4.0,single,3.0,1,5,1,2.0,executive,20852.0,1,0.95746946,1
34.0,self enquiry,1,7.0,salaried,male,4,5.0,basic,5.0,single,5.0,1,4,1,2.0,executive,21477.0,0,0.7323909,1
41.0,self enquiry,3,17.0,large business,female,3,5.0,deluxe,4.0,married,2.0,0,5,1,2.0,manager,25530.0,0,0.08842393,0
